<?xml version="1.0" encoding="UTF-8"?>
<gpx version="1.1" creator="bikecomputer" xmlns="http://www.topografix.com/GPX/1/1">
  <trk>
    <name>Bike Activity</name>
    <trkseg>
      <trkpt lat="48.32113817" lon="16.05083700">
        <time>2026-03-02T21:19:19Z</time>
        <course>0.00</course>
        <speed>2.859</speed>
      </trkpt>
      <trkpt lat="48.32113817" lon="16.05083700">
        <time>2026-03-02T21:19:19Z</time>
        <course>0.00</course>
        <speed>0.000</speed>
      </trkpt>
      <trkpt lat="48.32111950" lon="16.05084350">
        <time>2026-03-02T21:19:20Z</time>
        <course>0.00</course>
        <speed>2.781</speed>
      </trkpt>
      <trkpt lat="48.32111950" lon="16.05084350">
        <time>2026-03-02T21:19:20Z</time>
        <course>0.00</course>
        <speed>0.000</speed>
      </trkpt>
      <trkpt lat="48.32111817" lon="16.05078167">
        <time>2026-03-02T21:19:21Z</time>
        <course>0.00</course>
        <speed>2.831</speed>
      </trkpt>
      <trkpt lat="48.32111817" lon="16.05078167">
        <time>2026-03-02T21:19:21Z</time>
        <course>0.00</course>
        <speed>0.000</speed>
      </trkpt>
      <trkpt lat="48.32114933" lon="16.05081700">
        <time>2026-03-02T21:19:22Z</time>
        <course>0.00</course>
        <speed>2.306</speed>
      </trkpt>
      <trkpt lat="48.32114933" lon="16.05081700">
        <time>2026-03-02T21:19:22Z</time>
        <course>0.00</course>
        <speed>0.000</speed>
      </trkpt>
      <trkpt lat="48.32116983" lon="16.05084250">
        <time>2026-03-02T21:19:23Z</time>
        <course>0.00</course>
        <speed>1.966</speed>
      </trkpt>
      <trkpt lat="48.32116983" lon="16.05084250">
        <time>2026-03-02T21:19:23Z</time>
        <course>0.00</course>
        <speed>0.000</speed>
      </trkpt>
      <trkpt lat="48.32117750" lon="16.05084100">
        <time>2026-03-02T21:19:24Z</time>
        <course>0.00</course>
        <speed>1.827</speed>
      </trkpt>
      <trkpt lat="48.32117750" lon="16.05084100">
        <time>2026-03-02T21:19:24Z</time>
        <course>0.00</course>
        <speed>0.000</speed>
      </trkpt>
      <trkpt lat="48.32118433" lon="16.05084600">
        <time>2026-03-02T21:19:25Z</time>
        <course>0.00</course>
        <speed>1.637</speed>
      </trkpt>
      <trkpt lat="48.32118433" lon="16.05084600">
        <time>2026-03-02T21:19:25Z</time>
        <course>0.00</course>
        <speed>0.000</speed>
      </trkpt>
      <trkpt lat="48.32118633" lon="16.05086000">
        <time>2026-03-02T21:19:26Z</time>
        <course>0.00</course>
        <speed>1.499</speed>
      </trkpt>
      <trkpt lat="48.32118633" lon="16.05086000">
        <time>2026-03-02T21:19:26Z</time>
        <course>0.00</course>
        <speed>0.000</speed>
      </trkpt>
      <trkpt lat="48.32118050" lon="16.05085867">
        <time>2026-03-02T21:19:27Z</time>
        <course>0.00</course>
        <speed>1.527</speed>
      </trkpt>
      <trkpt lat="48.32118050" lon="16.05085867">
        <time>2026-03-02T21:19:27Z</time>
        <course>0.00</course>
        <speed>0.000</speed>
      </trkpt>
      <trkpt lat="48.32117400" lon="16.05083367">
        <time>2026-03-02T21:19:28Z</time>
        <course>0.00</course>
        <speed>1.520</speed>
      </trkpt>
      <trkpt lat="48.32117400" lon="16.05083367">
        <time>2026-03-02T21:19:28Z</time>
        <course>0.00</course>
        <speed>0.000</speed>
      </trkpt>
      <trkpt lat="48.32116633" lon="16.05080033">
        <time>2026-03-02T21:19:29Z</time>
        <course>0.00</course>
        <speed>1.558</speed>
      </trkpt>
      <trkpt lat="48.32116633" lon="16.05080033">
        <time>2026-03-02T21:19:29Z</time>
        <course>0.00</course>
        <speed>0.000</speed>
      </trkpt>
      <trkpt lat="48.32115350" lon="16.05076917">
        <time>2026-03-02T21:19:30Z</time>
        <course>0.00</course>
        <speed>1.726</speed>
      </trkpt>
      <trkpt lat="48.32115350" lon="16.05076917">
        <time>2026-03-02T21:19:30Z</time>
        <course>0.00</course>
        <speed>0.000</speed>
      </trkpt>
      <trkpt lat="48.32112000" lon="16.05083683">
        <time>2026-03-02T21:19:32Z</time>
        <course>0.00</course>
        <speed>1.567</speed>
      </trkpt>
      <trkpt lat="48.32112000" lon="16.05083683">
        <time>2026-03-02T21:19:32Z</time>
        <course>0.00</course>
        <speed>0.000</speed>
      </trkpt>
      <trkpt lat="48.32110167" lon="16.05085867">
        <time>2026-03-02T21:19:33Z</time>
        <course>0.00</course>
        <speed>1.528</speed>
      </trkpt>
      <trkpt lat="48.32110167" lon="16.05085867">
        <time>2026-03-02T21:19:33Z</time>
        <course>0.00</course>
        <speed>0.000</speed>
      </trkpt>
      <trkpt lat="48.32108917" lon="16.05088717">
        <time>2026-03-02T21:19:34Z</time>
        <course>0.00</course>
        <speed>1.474</speed>
      </trkpt>
      <trkpt lat="48.32108917" lon="16.05088717">
        <time>2026-03-02T21:19:34Z</time>
        <course>0.00</course>
        <speed>0.000</speed>
      </trkpt>
      <trkpt lat="48.32107583" lon="16.05089300">
        <time>2026-03-02T21:19:35Z</time>
        <course>0.00</course>
        <speed>1.527</speed>
      </trkpt>
      <trkpt lat="48.32107583" lon="16.05089300">
        <time>2026-03-02T21:19:35Z</time>
        <course>0.00</course>
        <speed>0.000</speed>
      </trkpt>
      <trkpt lat="48.32108833" lon="16.05091400">
        <time>2026-03-02T21:19:36Z</time>
        <course>0.00</course>
        <speed>1.451</speed>
      </trkpt>
      <trkpt lat="48.32108833" lon="16.05091400">
        <time>2026-03-02T21:19:36Z</time>
        <course>0.00</course>
        <speed>0.000</speed>
      </trkpt>
      <trkpt lat="48.32107983" lon="16.05091333">
        <time>2026-03-02T21:19:37Z</time>
        <course>0.00</course>
        <speed>1.480</speed>
      </trkpt>
      <trkpt lat="48.32107983" lon="16.05091333">
        <time>2026-03-02T21:19:37Z</time>
        <course>0.00</course>
        <speed>0.000</speed>
      </trkpt>
      <trkpt lat="48.32106950" lon="16.05092700">
        <time>2026-03-02T21:19:38Z</time>
        <course>0.00</course>
        <speed>1.534</speed>
      </trkpt>
      <trkpt lat="48.32106950" lon="16.05092700">
        <time>2026-03-02T21:19:38Z</time>
        <course>0.00</course>
        <speed>0.000</speed>
      </trkpt>
      <trkpt lat="48.32109733" lon="16.05091433">
        <time>2026-03-02T21:19:39Z</time>
        <course>0.00</course>
        <speed>1.513</speed>
      </trkpt>
      <trkpt lat="48.32109733" lon="16.05091433">
        <time>2026-03-02T21:19:39Z</time>
        <course>0.00</course>
        <speed>0.000</speed>
      </trkpt>
      <trkpt lat="48.32108683" lon="16.05091250">
        <time>2026-03-02T21:19:40Z</time>
        <course>0.00</course>
        <speed>1.483</speed>
      </trkpt>
      <trkpt lat="48.32108683" lon="16.05091250">
        <time>2026-03-02T21:19:40Z</time>
        <course>0.00</course>
        <speed>0.000</speed>
      </trkpt>
      <trkpt lat="48.32107483" lon="16.05089867">
        <time>2026-03-02T21:19:41Z</time>
        <course>0.00</course>
        <speed>1.504</speed>
      </trkpt>
      <trkpt lat="48.32107483" lon="16.05089867">
        <time>2026-03-02T21:19:41Z</time>
        <course>0.00</course>
        <speed>0.000</speed>
      </trkpt>
      <trkpt lat="48.32103783" lon="16.05090050">
        <time>2026-03-02T21:19:42Z</time>
        <course>0.00</course>
        <speed>1.855</speed>
      </trkpt>
      <trkpt lat="48.32103783" lon="16.05090050">
        <time>2026-03-02T21:19:42Z</time>
        <course>0.00</course>
        <speed>0.000</speed>
      </trkpt>
      <trkpt lat="48.32102283" lon="16.05089450">
        <time>2026-03-02T21:19:43Z</time>
        <course>0.00</course>
        <speed>1.847</speed>
      </trkpt>
      <trkpt lat="48.32102283" lon="16.05089450">
        <time>2026-03-02T21:19:43Z</time>
        <course>0.00</course>
        <speed>0.000</speed>
      </trkpt>
      <trkpt lat="48.32100300" lon="16.05089417">
        <time>2026-03-02T21:19:44Z</time>
        <course>0.00</course>
        <speed>1.828</speed>
      </trkpt>
      <trkpt lat="48.32100300" lon="16.05089417">
        <time>2026-03-02T21:19:44Z</time>
        <course>0.00</course>
        <speed>0.000</speed>
      </trkpt>
      <trkpt lat="48.32099733" lon="16.05086050">
        <time>2026-03-02T21:19:45Z</time>
        <course>0.00</course>
        <speed>1.753</speed>
      </trkpt>
      <trkpt lat="48.32099733" lon="16.05086050">
        <time>2026-03-02T21:19:45Z</time>
        <course>0.00</course>
        <speed>0.000</speed>
      </trkpt>
      <trkpt lat="48.32097433" lon="16.05086017">
        <time>2026-03-02T21:19:46Z</time>
        <course>0.00</course>
        <speed>1.767</speed>
      </trkpt>
      <trkpt lat="48.32097433" lon="16.05086017">
        <time>2026-03-02T21:19:46Z</time>
        <course>0.00</course>
        <speed>0.000</speed>
      </trkpt>
      <trkpt lat="48.32095217" lon="16.05085667">
        <time>2026-03-02T21:19:47Z</time>
        <course>0.00</course>
        <speed>1.787</speed>
      </trkpt>
      <trkpt lat="48.32095217" lon="16.05085667">
        <time>2026-03-02T21:19:47Z</time>
        <course>0.00</course>
        <speed>0.000</speed>
      </trkpt>
      <trkpt lat="48.32092617" lon="16.05086050">
        <time>2026-03-02T21:19:48Z</time>
        <course>0.00</course>
        <speed>1.875</speed>
      </trkpt>
      <trkpt lat="48.32092617" lon="16.05086050">
        <time>2026-03-02T21:19:48Z</time>
        <course>0.00</course>
        <speed>0.000</speed>
      </trkpt>
      <trkpt lat="48.32083983" lon="16.05090150">
        <time>2026-03-02T21:19:54Z</time>
        <course>0.00</course>
        <speed>1.689</speed>
      </trkpt>
      <trkpt lat="48.32083983" lon="16.05090150">
        <time>2026-03-02T21:19:54Z</time>
        <course>0.00</course>
        <speed>0.000</speed>
      </trkpt>
      <trkpt lat="48.32083467" lon="16.05093883">
        <time>2026-03-02T21:19:55Z</time>
        <course>0.00</course>
        <speed>1.559</speed>
      </trkpt>
      <trkpt lat="48.32083467" lon="16.05093883">
        <time>2026-03-02T21:19:55Z</time>
        <course>0.00</course>
        <speed>0.000</speed>
      </trkpt>
      <trkpt lat="48.32080233" lon="16.05094550">
        <time>2026-03-02T21:19:56Z</time>
        <course>0.00</course>
        <speed>1.694</speed>
      </trkpt>
      <trkpt lat="48.32080233" lon="16.05094550">
        <time>2026-03-02T21:19:56Z</time>
        <course>0.00</course>
        <speed>0.000</speed>
      </trkpt>
      <trkpt lat="48.32081033" lon="16.05097917">
        <time>2026-03-02T21:19:57Z</time>
        <course>0.00</course>
        <speed>1.495</speed>
      </trkpt>
      <trkpt lat="48.32081033" lon="16.05097917">
        <time>2026-03-02T21:19:57Z</time>
        <course>0.00</course>
        <speed>0.000</speed>
      </trkpt>
      <trkpt lat="48.32080950" lon="16.05098617">
        <time>2026-03-02T21:19:58Z</time>
        <course>0.00</course>
        <speed>1.381</speed>
      </trkpt>
      <trkpt lat="48.32080950" lon="16.05098617">
        <time>2026-03-02T21:19:58Z</time>
        <course>0.00</course>
        <speed>0.000</speed>
      </trkpt>
      <trkpt lat="48.32082000" lon="16.05096400">
        <time>2026-03-02T21:19:59Z</time>
        <course>0.00</course>
        <speed>1.125</speed>
      </trkpt>
      <trkpt lat="48.32082000" lon="16.05096400">
        <time>2026-03-02T21:19:59Z</time>
        <course>0.00</course>
        <speed>0.000</speed>
      </trkpt>
      <trkpt lat="48.32079183" lon="16.05101483">
        <time>2026-03-02T21:20:00Z</time>
        <course>0.00</course>
        <speed>1.427</speed>
      </trkpt>
      <trkpt lat="48.32079183" lon="16.05101483">
        <time>2026-03-02T21:20:00Z</time>
        <course>0.00</course>
        <speed>0.000</speed>
      </trkpt>
      <trkpt lat="48.32078033" lon="16.05105200">
        <time>2026-03-02T21:20:01Z</time>
        <course>0.00</course>
        <speed>1.515</speed>
      </trkpt>
      <trkpt lat="48.32078033" lon="16.05105200">
        <time>2026-03-02T21:20:01Z</time>
        <course>0.00</course>
        <speed>0.000</speed>
      </trkpt>
      <trkpt lat="48.32072933" lon="16.05110583">
        <time>2026-03-02T21:20:02Z</time>
        <course>0.00</course>
        <speed>2.004</speed>
      </trkpt>
      <trkpt lat="48.32072933" lon="16.05110583">
        <time>2026-03-02T21:20:02Z</time>
        <course>0.00</course>
        <speed>0.000</speed>
      </trkpt>
      <trkpt lat="48.32071250" lon="16.05115900">
        <time>2026-03-02T21:20:04Z</time>
        <course>0.00</course>
        <speed>2.043</speed>
      </trkpt>
      <trkpt lat="48.32071250" lon="16.05115900">
        <time>2026-03-02T21:20:04Z</time>
        <course>0.00</course>
        <speed>0.000</speed>
      </trkpt>
      <trkpt lat="48.32072150" lon="16.05119033">
        <time>2026-03-02T21:20:05Z</time>
        <course>0.00</course>
        <speed>1.944</speed>
      </trkpt>
      <trkpt lat="48.32072150" lon="16.05119033">
        <time>2026-03-02T21:20:05Z</time>
        <course>0.00</course>
        <speed>0.000</speed>
      </trkpt>
      <trkpt lat="48.32072883" lon="16.05117483">
        <time>2026-03-02T21:20:06Z</time>
        <course>0.00</course>
        <speed>1.632</speed>
      </trkpt>
      <trkpt lat="48.32072883" lon="16.05117483">
        <time>2026-03-02T21:20:06Z</time>
        <course>0.00</course>
        <speed>0.000</speed>
      </trkpt>
      <trkpt lat="48.32075667" lon="16.05116433">
        <time>2026-03-02T21:20:07Z</time>
        <course>0.00</course>
        <speed>1.370</speed>
      </trkpt>
      <trkpt lat="48.32075667" lon="16.05116433">
        <time>2026-03-02T21:20:07Z</time>
        <course>0.00</course>
        <speed>0.000</speed>
      </trkpt>
      <trkpt lat="48.32075850" lon="16.05117200">
        <time>2026-03-02T21:20:08Z</time>
        <course>0.00</course>
        <speed>1.375</speed>
      </trkpt>
      <trkpt lat="48.32075850" lon="16.05117200">
        <time>2026-03-02T21:20:08Z</time>
        <course>0.00</course>
        <speed>0.000</speed>
      </trkpt>
      <trkpt lat="48.32077017" lon="16.05117450">
        <time>2026-03-02T21:20:09Z</time>
        <course>0.00</course>
        <speed>1.076</speed>
      </trkpt>
      <trkpt lat="48.32077017" lon="16.05117450">
        <time>2026-03-02T21:20:09Z</time>
        <course>0.00</course>
        <speed>0.000</speed>
      </trkpt>
      <trkpt lat="48.32075517" lon="16.05118300">
        <time>2026-03-02T21:20:10Z</time>
        <course>0.00</course>
        <speed>1.216</speed>
      </trkpt>
      <trkpt lat="48.32075517" lon="16.05118300">
        <time>2026-03-02T21:20:10Z</time>
        <course>0.00</course>
        <speed>0.000</speed>
      </trkpt>
      <trkpt lat="48.32076183" lon="16.05117900">
        <time>2026-03-02T21:20:11Z</time>
        <course>0.00</course>
        <speed>0.828</speed>
      </trkpt>
      <trkpt lat="48.32076183" lon="16.05117900">
        <time>2026-03-02T21:20:11Z</time>
        <course>0.00</course>
        <speed>0.000</speed>
      </trkpt>
      <trkpt lat="48.32074850" lon="16.05116033">
        <time>2026-03-02T21:20:12Z</time>
        <course>0.00</course>
        <speed>0.941</speed>
      </trkpt>
      <trkpt lat="48.32074850" lon="16.05116033">
        <time>2026-03-02T21:20:12Z</time>
        <course>0.00</course>
        <speed>0.000</speed>
      </trkpt>
      <trkpt lat="48.32068417" lon="16.05121067">
        <time>2026-03-02T21:20:13Z</time>
        <course>243.41</course>
        <speed>2.101</speed>
      </trkpt>
      <trkpt lat="48.32068417" lon="16.05121067">
        <time>2026-03-02T21:20:13Z</time>
        <course>0.00</course>
        <speed>0.000</speed>
      </trkpt>
      <trkpt lat="48.32066700" lon="16.05121433">
        <time>2026-03-02T21:20:14Z</time>
        <course>207.01</course>
        <speed>2.074</speed>
      </trkpt>
      <trkpt lat="48.32066700" lon="16.05121433">
        <time>2026-03-02T21:20:14Z</time>
        <course>0.00</course>
        <speed>0.000</speed>
      </trkpt>
      <trkpt lat="48.32064683" lon="16.05122283">
        <time>2026-03-02T21:20:15Z</time>
        <course>188.90</course>
        <speed>2.147</speed>
      </trkpt>
      <trkpt lat="48.32064683" lon="16.05122283">
        <time>2026-03-02T21:20:15Z</time>
        <course>0.00</course>
        <speed>0.000</speed>
      </trkpt>
      <trkpt lat="48.32063200" lon="16.05124583">
        <time>2026-03-02T21:20:16Z</time>
        <course>177.13</course>
        <speed>2.140</speed>
      </trkpt>
      <trkpt lat="48.32063200" lon="16.05124583">
        <time>2026-03-02T21:20:16Z</time>
        <course>0.00</course>
        <speed>0.000</speed>
      </trkpt>
      <trkpt lat="48.32061267" lon="16.05126583">
        <time>2026-03-02T21:20:17Z</time>
        <course>169.98</course>
        <speed>2.211</speed>
      </trkpt>
      <trkpt lat="48.32061267" lon="16.05126583">
        <time>2026-03-02T21:20:17Z</time>
        <course>0.00</course>
        <speed>0.000</speed>
      </trkpt>
      <trkpt lat="48.32060200" lon="16.05125033">
        <time>2026-03-02T21:20:18Z</time>
        <course>171.29</course>
        <speed>2.067</speed>
      </trkpt>
      <trkpt lat="48.32060200" lon="16.05125033">
        <time>2026-03-02T21:20:18Z</time>
        <course>0.00</course>
        <speed>0.000</speed>
      </trkpt>
      <trkpt lat="48.32059583" lon="16.05124617">
        <time>2026-03-02T21:20:19Z</time>
        <course>0.00</course>
        <speed>1.889</speed>
      </trkpt>
      <trkpt lat="48.32059583" lon="16.05124617">
        <time>2026-03-02T21:20:19Z</time>
        <course>0.00</course>
        <speed>0.000</speed>
      </trkpt>
      <trkpt lat="48.32058400" lon="16.05125300">
        <time>2026-03-02T21:20:20Z</time>
        <course>0.00</course>
        <speed>1.824</speed>
      </trkpt>
      <trkpt lat="48.32058400" lon="16.05125300">
        <time>2026-03-02T21:20:20Z</time>
        <course>0.00</course>
        <speed>0.000</speed>
      </trkpt>
      <trkpt lat="48.32057400" lon="16.05124317">
        <time>2026-03-02T21:20:21Z</time>
        <course>0.00</course>
        <speed>1.774</speed>
      </trkpt>
      <trkpt lat="48.32057400" lon="16.05124317">
        <time>2026-03-02T21:20:21Z</time>
        <course>0.00</course>
        <speed>0.000</speed>
      </trkpt>
      <trkpt lat="48.32063517" lon="16.05116800">
        <time>2026-03-02T21:20:22Z</time>
        <course>0.00</course>
        <speed>1.675</speed>
      </trkpt>
      <trkpt lat="48.32063517" lon="16.05116800">
        <time>2026-03-02T21:20:22Z</time>
        <course>0.00</course>
        <speed>0.000</speed>
      </trkpt>
      <trkpt lat="48.32071417" lon="16.05109800">
        <time>2026-03-02T21:20:23Z</time>
        <course>0.00</course>
        <speed>1.481</speed>
      </trkpt>
      <trkpt lat="48.32071417" lon="16.05109800">
        <time>2026-03-02T21:20:23Z</time>
        <course>0.00</course>
        <speed>0.000</speed>
      </trkpt>
      <trkpt lat="48.32076317" lon="16.05103950">
        <time>2026-03-02T21:20:24Z</time>
        <course>0.00</course>
        <speed>1.439</speed>
      </trkpt>
      <trkpt lat="48.32076317" lon="16.05103950">
        <time>2026-03-02T21:20:24Z</time>
        <course>0.00</course>
        <speed>0.000</speed>
      </trkpt>
      <trkpt lat="48.32077350" lon="16.05098900">
        <time>2026-03-02T21:20:25Z</time>
        <course>0.00</course>
        <speed>1.774</speed>
      </trkpt>
      <trkpt lat="48.32077350" lon="16.05098900">
        <time>2026-03-02T21:20:25Z</time>
        <course>0.00</course>
        <speed>0.000</speed>
      </trkpt>
      <trkpt lat="48.32079700" lon="16.05098350">
        <time>2026-03-02T21:20:26Z</time>
        <course>0.00</course>
        <speed>1.338</speed>
      </trkpt>
      <trkpt lat="48.32079700" lon="16.05098350">
        <time>2026-03-02T21:20:26Z</time>
        <course>0.00</course>
        <speed>0.000</speed>
      </trkpt>
      <trkpt lat="48.32080050" lon="16.05101583">
        <time>2026-03-02T21:20:27Z</time>
        <course>0.00</course>
        <speed>0.862</speed>
      </trkpt>
      <trkpt lat="48.32080050" lon="16.05101583">
        <time>2026-03-02T21:20:27Z</time>
        <course>0.00</course>
        <speed>0.000</speed>
      </trkpt>
      <trkpt lat="48.32078617" lon="16.05100950">
        <time>2026-03-02T21:20:28Z</time>
        <course>0.00</course>
        <speed>0.825</speed>
      </trkpt>
      <trkpt lat="48.32078617" lon="16.05100950">
        <time>2026-03-02T21:20:28Z</time>
        <course>0.00</course>
        <speed>0.000</speed>
      </trkpt>
      <trkpt lat="48.32077700" lon="16.05104233">
        <time>2026-03-02T21:20:29Z</time>
        <course>0.00</course>
        <speed>0.474</speed>
      </trkpt>
      <trkpt lat="48.32077700" lon="16.05104233">
        <time>2026-03-02T21:20:29Z</time>
        <course>0.00</course>
        <speed>0.000</speed>
      </trkpt>
      <trkpt lat="48.32076050" lon="16.05110400">
        <time>2026-03-02T21:20:30Z</time>
        <course>0.00</course>
        <speed>0.491</speed>
      </trkpt>
      <trkpt lat="48.32076050" lon="16.05110400">
        <time>2026-03-02T21:20:30Z</time>
        <course>0.00</course>
        <speed>0.000</speed>
      </trkpt>
      <trkpt lat="48.32069817" lon="16.05116017">
        <time>2026-03-02T21:20:31Z</time>
        <course>168.17</course>
        <speed>1.151</speed>
      </trkpt>
      <trkpt lat="48.32069817" lon="16.05116017">
        <time>2026-03-02T21:20:31Z</time>
        <course>0.00</course>
        <speed>0.000</speed>
      </trkpt>
      <trkpt lat="48.32066600" lon="16.05119133">
        <time>2026-03-02T21:20:32Z</time>
        <course>168.05</course>
        <speed>1.230</speed>
      </trkpt>
      <trkpt lat="48.32066600" lon="16.05119133">
        <time>2026-03-02T21:20:32Z</time>
        <course>0.00</course>
        <speed>0.000</speed>
      </trkpt>
      <trkpt lat="48.32062883" lon="16.05121567">
        <time>2026-03-02T21:20:33Z</time>
        <course>167.58</course>
        <speed>1.346</speed>
      </trkpt>
      <trkpt lat="48.32062883" lon="16.05121567">
        <time>2026-03-02T21:20:33Z</time>
        <course>0.00</course>
        <speed>0.000</speed>
      </trkpt>
      <trkpt lat="48.32061317" lon="16.05122733">
        <time>2026-03-02T21:20:34Z</time>
        <course>165.05</course>
        <speed>1.350</speed>
      </trkpt>
      <trkpt lat="48.32061317" lon="16.05122733">
        <time>2026-03-02T21:20:34Z</time>
        <course>0.00</course>
        <speed>0.000</speed>
      </trkpt>
      <trkpt lat="48.32059233" lon="16.05123850">
        <time>2026-03-02T21:20:35Z</time>
        <course>161.69</course>
        <speed>1.307</speed>
      </trkpt>
      <trkpt lat="48.32059233" lon="16.05123850">
        <time>2026-03-02T21:20:35Z</time>
        <course>0.00</course>
        <speed>0.000</speed>
      </trkpt>
      <trkpt lat="48.32057833" lon="16.05124533">
        <time>2026-03-02T21:20:36Z</time>
        <course>157.24</course>
        <speed>1.571</speed>
      </trkpt>
      <trkpt lat="48.32057833" lon="16.05124533">
        <time>2026-03-02T21:20:36Z</time>
        <course>0.00</course>
        <speed>0.000</speed>
      </trkpt>
      <trkpt lat="48.32056417" lon="16.05125500">
        <time>2026-03-02T21:20:37Z</time>
        <course>158.00</course>
        <speed>1.417</speed>
      </trkpt>
      <trkpt lat="48.32056417" lon="16.05125500">
        <time>2026-03-02T21:20:37Z</time>
        <course>0.00</course>
        <speed>0.000</speed>
      </trkpt>
      <trkpt lat="48.32055067" lon="16.05126067">
        <time>2026-03-02T21:20:38Z</time>
        <course>160.91</course>
        <speed>1.232</speed>
      </trkpt>
      <trkpt lat="48.32055067" lon="16.05126067">
        <time>2026-03-02T21:20:38Z</time>
        <course>0.00</course>
        <speed>0.000</speed>
      </trkpt>
      <trkpt lat="48.32053833" lon="16.05126400">
        <time>2026-03-02T21:20:39Z</time>
        <course>166.89</course>
        <speed>1.265</speed>
      </trkpt>
      <trkpt lat="48.32053833" lon="16.05126400">
        <time>2026-03-02T21:20:39Z</time>
        <course>0.00</course>
        <speed>0.000</speed>
      </trkpt>
      <trkpt lat="48.32052767" lon="16.05126050">
        <time>2026-03-02T21:20:40Z</time>
        <course>170.54</course>
        <speed>1.299</speed>
      </trkpt>
      <trkpt lat="48.32052767" lon="16.05126050">
        <time>2026-03-02T21:20:40Z</time>
        <course>0.00</course>
        <speed>0.000</speed>
      </trkpt>
      <trkpt lat="48.32051617" lon="16.05126000">
        <time>2026-03-02T21:20:41Z</time>
        <course>170.64</course>
        <speed>1.226</speed>
      </trkpt>
      <trkpt lat="48.32051617" lon="16.05126000">
        <time>2026-03-02T21:20:41Z</time>
        <course>0.00</course>
        <speed>0.000</speed>
      </trkpt>
      <trkpt lat="48.32050617" lon="16.05126167">
        <time>2026-03-02T21:20:42Z</time>
        <course>167.79</course>
        <speed>1.271</speed>
      </trkpt>
      <trkpt lat="48.32050617" lon="16.05126167">
        <time>2026-03-02T21:20:42Z</time>
        <course>0.00</course>
        <speed>0.000</speed>
      </trkpt>
      <trkpt lat="48.32049483" lon="16.05126467">
        <time>2026-03-02T21:20:43Z</time>
        <course>165.45</course>
        <speed>1.374</speed>
      </trkpt>
      <trkpt lat="48.32049483" lon="16.05126467">
        <time>2026-03-02T21:20:43Z</time>
        <course>0.00</course>
        <speed>0.000</speed>
      </trkpt>
      <trkpt lat="48.32048383" lon="16.05126750">
        <time>2026-03-02T21:20:44Z</time>
        <course>164.63</course>
        <speed>1.343</speed>
      </trkpt>
      <trkpt lat="48.32048383" lon="16.05126750">
        <time>2026-03-02T21:20:44Z</time>
        <course>0.00</course>
        <speed>0.000</speed>
      </trkpt>
      <trkpt lat="48.32047333" lon="16.05126867">
        <time>2026-03-02T21:20:45Z</time>
        <course>166.98</course>
        <speed>1.290</speed>
      </trkpt>
      <trkpt lat="48.32047333" lon="16.05126867">
        <time>2026-03-02T21:20:45Z</time>
        <course>0.00</course>
        <speed>0.000</speed>
      </trkpt>
      <trkpt lat="48.32046133" lon="16.05127367">
        <time>2026-03-02T21:20:46Z</time>
        <course>168.49</course>
        <speed>1.313</speed>
      </trkpt>
      <trkpt lat="48.32046133" lon="16.05127367">
        <time>2026-03-02T21:20:46Z</time>
        <course>0.00</course>
        <speed>0.000</speed>
      </trkpt>
      <trkpt lat="48.32044983" lon="16.05127700">
        <time>2026-03-02T21:20:47Z</time>
        <course>166.26</course>
        <speed>1.400</speed>
      </trkpt>
      <trkpt lat="48.32044983" lon="16.05127700">
        <time>2026-03-02T21:20:47Z</time>
        <course>0.00</course>
        <speed>0.000</speed>
      </trkpt>
      <trkpt lat="48.32043867" lon="16.05128200">
        <time>2026-03-02T21:20:48Z</time>
        <course>159.15</course>
        <speed>1.573</speed>
      </trkpt>
      <trkpt lat="48.32043867" lon="16.05128200">
        <time>2026-03-02T21:20:48Z</time>
        <course>0.00</course>
        <speed>0.000</speed>
      </trkpt>
      <trkpt lat="48.32042233" lon="16.05129133">
        <time>2026-03-02T21:20:49Z</time>
        <course>155.03</course>
        <speed>1.470</speed>
      </trkpt>
      <trkpt lat="48.32042233" lon="16.05129133">
        <time>2026-03-02T21:20:49Z</time>
        <course>0.00</course>
        <speed>0.000</speed>
      </trkpt>
      <trkpt lat="48.32041217" lon="16.05129817">
        <time>2026-03-02T21:20:50Z</time>
        <course>153.78</course>
        <speed>1.441</speed>
      </trkpt>
      <trkpt lat="48.32041217" lon="16.05129817">
        <time>2026-03-02T21:20:50Z</time>
        <course>0.00</course>
        <speed>0.000</speed>
      </trkpt>
      <trkpt lat="48.32040283" lon="16.05130700">
        <time>2026-03-02T21:20:51Z</time>
        <course>148.38</course>
        <speed>1.376</speed>
      </trkpt>
      <trkpt lat="48.32040283" lon="16.05130700">
        <time>2026-03-02T21:20:51Z</time>
        <course>0.00</course>
        <speed>0.000</speed>
      </trkpt>
      <trkpt lat="48.32039417" lon="16.05131917">
        <time>2026-03-02T21:20:52Z</time>
        <course>141.21</course>
        <speed>1.322</speed>
      </trkpt>
      <trkpt lat="48.32039417" lon="16.05131917">
        <time>2026-03-02T21:20:52Z</time>
        <course>0.00</course>
        <speed>0.000</speed>
      </trkpt>
      <trkpt lat="48.32038567" lon="16.05133117">
        <time>2026-03-02T21:20:53Z</time>
        <course>137.21</course>
        <speed>1.410</speed>
      </trkpt>
      <trkpt lat="48.32038567" lon="16.05133117">
        <time>2026-03-02T21:20:53Z</time>
        <course>0.00</course>
        <speed>0.000</speed>
      </trkpt>
      <trkpt lat="48.32037683" lon="16.05134850">
        <time>2026-03-02T21:20:54Z</time>
        <course>130.68</course>
        <speed>1.492</speed>
      </trkpt>
      <trkpt lat="48.32037683" lon="16.05134850">
        <time>2026-03-02T21:20:54Z</time>
        <course>0.00</course>
        <speed>0.000</speed>
      </trkpt>
      <trkpt lat="48.32037200" lon="16.05136500">
        <time>2026-03-02T21:20:55Z</time>
        <course>122.95</course>
        <speed>1.376</speed>
      </trkpt>
      <trkpt lat="48.32037200" lon="16.05136500">
        <time>2026-03-02T21:20:55Z</time>
        <course>0.00</course>
        <speed>0.000</speed>
      </trkpt>
      <trkpt lat="48.32036683" lon="16.05138317">
        <time>2026-03-02T21:20:56Z</time>
        <course>118.36</course>
        <speed>1.470</speed>
      </trkpt>
      <trkpt lat="48.32036683" lon="16.05138317">
        <time>2026-03-02T21:20:56Z</time>
        <course>0.00</course>
        <speed>0.000</speed>
      </trkpt>
      <trkpt lat="48.32036633" lon="16.05140133">
        <time>2026-03-02T21:20:57Z</time>
        <course>104.25</course>
        <speed>1.470</speed>
      </trkpt>
      <trkpt lat="48.32036633" lon="16.05140133">
        <time>2026-03-02T21:20:57Z</time>
        <course>0.00</course>
        <speed>0.000</speed>
      </trkpt>
      <trkpt lat="48.32036617" lon="16.05142150">
        <time>2026-03-02T21:20:58Z</time>
        <course>96.56</course>
        <speed>1.593</speed>
      </trkpt>
      <trkpt lat="48.32036617" lon="16.05142150">
        <time>2026-03-02T21:20:58Z</time>
        <course>0.00</course>
        <speed>0.000</speed>
      </trkpt>
      <trkpt lat="48.32036500" lon="16.05144050">
        <time>2026-03-02T21:20:59Z</time>
        <course>97.37</course>
        <speed>1.507</speed>
      </trkpt>
      <trkpt lat="48.32036500" lon="16.05144050">
        <time>2026-03-02T21:20:59Z</time>
        <course>0.00</course>
        <speed>0.000</speed>
      </trkpt>
      <trkpt lat="48.32036517" lon="16.05145850">
        <time>2026-03-02T21:21:00Z</time>
        <course>95.59</course>
        <speed>1.368</speed>
      </trkpt>
      <trkpt lat="48.32036517" lon="16.05145850">
        <time>2026-03-02T21:21:00Z</time>
        <course>0.00</course>
        <speed>0.000</speed>
      </trkpt>
      <trkpt lat="48.32036683" lon="16.05147567">
        <time>2026-03-02T21:21:01Z</time>
        <course>91.15</course>
        <speed>1.347</speed>
      </trkpt>
      <trkpt lat="48.32036683" lon="16.05147567">
        <time>2026-03-02T21:21:01Z</time>
        <course>0.00</course>
        <speed>0.000</speed>
      </trkpt>
      <trkpt lat="48.32036933" lon="16.05149200">
        <time>2026-03-02T21:21:02Z</time>
        <course>85.30</course>
        <speed>1.280</speed>
      </trkpt>
      <trkpt lat="48.32036933" lon="16.05149200">
        <time>2026-03-02T21:21:02Z</time>
        <course>0.00</course>
        <speed>0.000</speed>
      </trkpt>
      <trkpt lat="48.32037183" lon="16.05150883">
        <time>2026-03-02T21:21:03Z</time>
        <course>80.52</course>
        <speed>1.266</speed>
      </trkpt>
      <trkpt lat="48.32037183" lon="16.05150883">
        <time>2026-03-02T21:21:03Z</time>
        <course>0.00</course>
        <speed>0.000</speed>
      </trkpt>
      <trkpt lat="48.32037433" lon="16.05152617">
        <time>2026-03-02T21:21:04Z</time>
        <course>77.80</course>
        <speed>1.335</speed>
      </trkpt>
      <trkpt lat="48.32037433" lon="16.05152617">
        <time>2026-03-02T21:21:04Z</time>
        <course>0.00</course>
        <speed>0.000</speed>
      </trkpt>
      <trkpt lat="48.32037667" lon="16.05154333">
        <time>2026-03-02T21:21:05Z</time>
        <course>76.69</course>
        <speed>1.321</speed>
      </trkpt>
      <trkpt lat="48.32037667" lon="16.05154333">
        <time>2026-03-02T21:21:05Z</time>
        <course>0.00</course>
        <speed>0.000</speed>
      </trkpt>
      <trkpt lat="48.32037883" lon="16.05156083">
        <time>2026-03-02T21:21:06Z</time>
        <course>78.24</course>
        <speed>1.283</speed>
      </trkpt>
      <trkpt lat="48.32037883" lon="16.05156083">
        <time>2026-03-02T21:21:06Z</time>
        <course>0.00</course>
        <speed>0.000</speed>
      </trkpt>
      <trkpt lat="48.32038067" lon="16.05157817">
        <time>2026-03-02T21:21:07Z</time>
        <course>79.23</course>
        <speed>1.303</speed>
      </trkpt>
      <trkpt lat="48.32038067" lon="16.05157817">
        <time>2026-03-02T21:21:07Z</time>
        <course>0.00</course>
        <speed>0.000</speed>
      </trkpt>
      <trkpt lat="48.32038250" lon="16.05159717">
        <time>2026-03-02T21:21:08Z</time>
        <course>79.57</course>
        <speed>1.347</speed>
      </trkpt>
      <trkpt lat="48.32038250" lon="16.05159717">
        <time>2026-03-02T21:21:08Z</time>
        <course>0.00</course>
        <speed>0.000</speed>
      </trkpt>
      <trkpt lat="48.32038267" lon="16.05161383">
        <time>2026-03-02T21:21:09Z</time>
        <course>83.61</course>
        <speed>1.053</speed>
      </trkpt>
      <trkpt lat="48.32038267" lon="16.05161383">
        <time>2026-03-02T21:21:09Z</time>
        <course>0.00</course>
        <speed>0.000</speed>
      </trkpt>
      <trkpt lat="48.32038617" lon="16.05162067">
        <time>2026-03-02T21:21:10Z</time>
        <course>81.55</course>
        <speed>0.553</speed>
      </trkpt>
      <trkpt lat="48.32038617" lon="16.05162067">
        <time>2026-03-02T21:21:10Z</time>
        <course>0.00</course>
        <speed>0.000</speed>
      </trkpt>
      <trkpt lat="48.32038717" lon="16.05162250">
        <time>2026-03-02T21:21:11Z</time>
        <course>0.00</course>
        <speed>0.170</speed>
      </trkpt>
      <trkpt lat="48.32038717" lon="16.05162250">
        <time>2026-03-02T21:21:11Z</time>
        <course>0.00</course>
        <speed>0.000</speed>
      </trkpt>
      <trkpt lat="48.32038817" lon="16.05162417">
        <time>2026-03-02T21:21:12Z</time>
        <course>0.00</course>
        <speed>0.229</speed>
      </trkpt>
      <trkpt lat="48.32038817" lon="16.05162417">
        <time>2026-03-02T21:21:12Z</time>
        <course>0.00</course>
        <speed>0.000</speed>
      </trkpt>
      <trkpt lat="48.32039133" lon="16.05163433">
        <time>2026-03-02T21:21:13Z</time>
        <course>66.23</course>
        <speed>0.913</speed>
      </trkpt>
      <trkpt lat="48.32039133" lon="16.05163433">
        <time>2026-03-02T21:21:13Z</time>
        <course>0.00</course>
        <speed>0.000</speed>
      </trkpt>
      <trkpt lat="48.32039517" lon="16.05164867">
        <time>2026-03-02T21:21:14Z</time>
        <course>66.65</course>
        <speed>1.140</speed>
      </trkpt>
      <trkpt lat="48.32039517" lon="16.05164867">
        <time>2026-03-02T21:21:14Z</time>
        <course>0.00</course>
        <speed>0.000</speed>
      </trkpt>
      <trkpt lat="48.32039917" lon="16.05166417">
        <time>2026-03-02T21:21:15Z</time>
        <course>67.58</course>
        <speed>1.267</speed>
      </trkpt>
      <trkpt lat="48.32039917" lon="16.05166417">
        <time>2026-03-02T21:21:15Z</time>
        <course>0.00</course>
        <speed>0.000</speed>
      </trkpt>
      <trkpt lat="48.32040317" lon="16.05167950">
        <time>2026-03-02T21:21:16Z</time>
        <course>67.23</course>
        <speed>1.188</speed>
      </trkpt>
      <trkpt lat="48.32040317" lon="16.05167950">
        <time>2026-03-02T21:21:16Z</time>
        <course>0.00</course>
        <speed>0.000</speed>
      </trkpt>
      <trkpt lat="48.32040667" lon="16.05169600">
        <time>2026-03-02T21:21:17Z</time>
        <course>0.00</course>
        <speed>1.179</speed>
      </trkpt>
      <trkpt lat="48.32040667" lon="16.05169600">
        <time>2026-03-02T21:21:17Z</time>
        <course>0.00</course>
        <speed>0.000</speed>
      </trkpt>
      <trkpt lat="48.32040500" lon="16.05171833">
        <time>2026-03-02T21:21:18Z</time>
        <course>77.73</course>
        <speed>1.462</speed>
      </trkpt>
      <trkpt lat="48.32040500" lon="16.05171833">
        <time>2026-03-02T21:21:18Z</time>
        <course>0.00</course>
        <speed>0.000</speed>
      </trkpt>
      <trkpt lat="48.32040983" lon="16.05173433">
        <time>2026-03-02T21:21:19Z</time>
        <course>77.69</course>
        <speed>1.312</speed>
      </trkpt>
      <trkpt lat="48.32040983" lon="16.05173433">
        <time>2026-03-02T21:21:19Z</time>
        <course>0.00</course>
        <speed>0.000</speed>
      </trkpt>
      <trkpt lat="48.32040683" lon="16.05175633">
        <time>2026-03-02T21:21:20Z</time>
        <course>89.00</course>
        <speed>1.358</speed>
      </trkpt>
      <trkpt lat="48.32040683" lon="16.05175633">
        <time>2026-03-02T21:21:20Z</time>
        <course>0.00</course>
        <speed>0.000</speed>
      </trkpt>
      <trkpt lat="48.32040500" lon="16.05177500">
        <time>2026-03-02T21:21:21Z</time>
        <course>94.91</course>
        <speed>1.330</speed>
      </trkpt>
      <trkpt lat="48.32040500" lon="16.05177500">
        <time>2026-03-02T21:21:21Z</time>
        <course>0.00</course>
        <speed>0.000</speed>
      </trkpt>
      <trkpt lat="48.32040217" lon="16.05179317">
        <time>2026-03-02T21:21:22Z</time>
        <course>99.79</course>
        <speed>1.331</speed>
      </trkpt>
      <trkpt lat="48.32040217" lon="16.05179317">
        <time>2026-03-02T21:21:22Z</time>
        <course>0.00</course>
        <speed>0.000</speed>
      </trkpt>
      <trkpt lat="48.32040017" lon="16.05180883">
        <time>2026-03-02T21:21:23Z</time>
        <course>100.53</course>
        <speed>1.062</speed>
      </trkpt>
      <trkpt lat="48.32040017" lon="16.05180883">
        <time>2026-03-02T21:21:23Z</time>
        <course>0.00</course>
        <speed>0.000</speed>
      </trkpt>
      <trkpt lat="48.32039867" lon="16.05182117">
        <time>2026-03-02T21:21:24Z</time>
        <course>100.96</course>
        <speed>0.890</speed>
      </trkpt>
      <trkpt lat="48.32039867" lon="16.05182117">
        <time>2026-03-02T21:21:24Z</time>
        <course>0.00</course>
        <speed>0.000</speed>
      </trkpt>
      <trkpt lat="48.32039700" lon="16.05183067">
        <time>2026-03-02T21:21:25Z</time>
        <course>104.34</course>
        <speed>0.828</speed>
      </trkpt>
      <trkpt lat="48.32039700" lon="16.05183067">
        <time>2026-03-02T21:21:25Z</time>
        <course>0.00</course>
        <speed>0.000</speed>
      </trkpt>
      <trkpt lat="48.32039350" lon="16.05183617">
        <time>2026-03-02T21:21:26Z</time>
        <course>123.39</course>
        <speed>0.709</speed>
      </trkpt>
      <trkpt lat="48.32039350" lon="16.05183617">
        <time>2026-03-02T21:21:26Z</time>
        <course>0.00</course>
        <speed>0.000</speed>
      </trkpt>
      <trkpt lat="48.32039117" lon="16.05183933">
        <time>2026-03-02T21:21:27Z</time>
        <course>129.22</course>
        <speed>0.513</speed>
      </trkpt>
      <trkpt lat="48.32039117" lon="16.05183933">
        <time>2026-03-02T21:21:27Z</time>
        <course>0.00</course>
        <speed>0.000</speed>
      </trkpt>
      <trkpt lat="48.32038967" lon="16.05184217">
        <time>2026-03-02T21:21:28Z</time>
        <course>0.00</course>
        <speed>0.307</speed>
      </trkpt>
      <trkpt lat="48.32038967" lon="16.05184217">
        <time>2026-03-02T21:21:28Z</time>
        <course>0.00</course>
        <speed>0.000</speed>
      </trkpt>
      <trkpt lat="48.32039100" lon="16.05184217">
        <time>2026-03-02T21:21:29Z</time>
        <course>0.00</course>
        <speed>0.092</speed>
      </trkpt>
      <trkpt lat="48.32039100" lon="16.05184217">
        <time>2026-03-02T21:21:29Z</time>
        <course>0.00</course>
        <speed>0.000</speed>
      </trkpt>
      <trkpt lat="48.32039117" lon="16.05184317">
        <time>2026-03-02T21:21:30Z</time>
        <course>0.00</course>
        <speed>0.089</speed>
      </trkpt>
      <trkpt lat="48.32039117" lon="16.05184317">
        <time>2026-03-02T21:21:30Z</time>
        <course>0.00</course>
        <speed>0.000</speed>
      </trkpt>
      <trkpt lat="48.32039117" lon="16.05184317">
        <time>2026-03-02T21:21:31Z</time>
        <course>0.00</course>
        <speed>0.021</speed>
      </trkpt>
      <trkpt lat="48.32039117" lon="16.05184317">
        <time>2026-03-02T21:21:31Z</time>
        <course>0.00</course>
        <speed>0.000</speed>
      </trkpt>
      <trkpt lat="48.32039083" lon="16.05184383">
        <time>2026-03-02T21:21:32Z</time>
        <course>0.00</course>
        <speed>0.061</speed>
      </trkpt>
      <trkpt lat="48.32039083" lon="16.05184383">
        <time>2026-03-02T21:21:32Z</time>
        <course>0.00</course>
        <speed>0.000</speed>
      </trkpt>
      <trkpt lat="48.32039083" lon="16.05184333">
        <time>2026-03-02T21:21:33Z</time>
        <course>0.00</course>
        <speed>0.042</speed>
      </trkpt>
      <trkpt lat="48.32039083" lon="16.05184333">
        <time>2026-03-02T21:21:33Z</time>
        <course>0.00</course>
        <speed>0.000</speed>
      </trkpt>
      <trkpt lat="48.32039133" lon="16.05184367">
        <time>2026-03-02T21:21:34Z</time>
        <course>0.00</course>
        <speed>0.099</speed>
      </trkpt>
      <trkpt lat="48.32039133" lon="16.05184367">
        <time>2026-03-02T21:21:34Z</time>
        <course>0.00</course>
        <speed>0.000</speed>
      </trkpt>
      <trkpt lat="48.32039483" lon="16.05184783">
        <time>2026-03-02T21:21:35Z</time>
        <course>0.00</course>
        <speed>0.542</speed>
      </trkpt>
      <trkpt lat="48.32039483" lon="16.05184783">
        <time>2026-03-02T21:21:35Z</time>
        <course>0.00</course>
        <speed>0.000</speed>
      </trkpt>
      <trkpt lat="48.32039867" lon="16.05185283">
        <time>2026-03-02T21:21:36Z</time>
        <course>0.00</course>
        <speed>0.534</speed>
      </trkpt>
      <trkpt lat="48.32039867" lon="16.05185283">
        <time>2026-03-02T21:21:36Z</time>
        <course>0.00</course>
        <speed>0.000</speed>
      </trkpt>
      <trkpt lat="48.32040083" lon="16.05185650">
        <time>2026-03-02T21:21:37Z</time>
        <course>0.00</course>
        <speed>0.348</speed>
      </trkpt>
      <trkpt lat="48.32040083" lon="16.05185650">
        <time>2026-03-02T21:21:37Z</time>
        <course>0.00</course>
        <speed>0.000</speed>
      </trkpt>
      <trkpt lat="48.32040250" lon="16.05185833">
        <time>2026-03-02T21:21:38Z</time>
        <course>0.00</course>
        <speed>0.339</speed>
      </trkpt>
      <trkpt lat="48.32040250" lon="16.05185833">
        <time>2026-03-02T21:21:38Z</time>
        <course>0.00</course>
        <speed>0.000</speed>
      </trkpt>
      <trkpt lat="48.32040133" lon="16.05186050">
        <time>2026-03-02T21:21:39Z</time>
        <course>0.00</course>
        <speed>0.091</speed>
      </trkpt>
      <trkpt lat="48.32040133" lon="16.05186050">
        <time>2026-03-02T21:21:39Z</time>
        <course>0.00</course>
        <speed>0.000</speed>
      </trkpt>
      <trkpt lat="48.32040233" lon="16.05185900">
        <time>2026-03-02T21:21:40Z</time>
        <course>0.00</course>
        <speed>0.025</speed>
      </trkpt>
      <trkpt lat="48.32040233" lon="16.05185900">
        <time>2026-03-02T21:21:40Z</time>
        <course>0.00</course>
        <speed>0.000</speed>
      </trkpt>
      <trkpt lat="48.32040100" lon="16.05186067">
        <time>2026-03-02T21:21:41Z</time>
        <course>0.00</course>
        <speed>0.128</speed>
      </trkpt>
      <trkpt lat="48.32040100" lon="16.05186067">
        <time>2026-03-02T21:21:41Z</time>
        <course>0.00</course>
        <speed>0.000</speed>
      </trkpt>
      <trkpt lat="48.32039833" lon="16.05186367">
        <time>2026-03-02T21:21:42Z</time>
        <course>0.00</course>
        <speed>0.282</speed>
      </trkpt>
      <trkpt lat="48.32039833" lon="16.05186367">
        <time>2026-03-02T21:21:42Z</time>
        <course>0.00</course>
        <speed>0.000</speed>
      </trkpt>
      <trkpt lat="48.32039683" lon="16.05186567">
        <time>2026-03-02T21:21:43Z</time>
        <course>0.00</course>
        <speed>0.216</speed>
      </trkpt>
      <trkpt lat="48.32039683" lon="16.05186567">
        <time>2026-03-02T21:21:43Z</time>
        <course>0.00</course>
        <speed>0.000</speed>
      </trkpt>
      <trkpt lat="48.32039733" lon="16.05186567">
        <time>2026-03-02T21:21:44Z</time>
        <course>0.00</course>
        <speed>0.136</speed>
      </trkpt>
      <trkpt lat="48.32039733" lon="16.05186567">
        <time>2026-03-02T21:21:44Z</time>
        <course>0.00</course>
        <speed>0.000</speed>
      </trkpt>
      <trkpt lat="48.32039717" lon="16.05186683">
        <time>2026-03-02T21:21:45Z</time>
        <course>0.00</course>
        <speed>0.061</speed>
      </trkpt>
      <trkpt lat="48.32039717" lon="16.05186683">
        <time>2026-03-02T21:21:45Z</time>
        <course>0.00</course>
        <speed>0.000</speed>
      </trkpt>
      <trkpt lat="48.32039800" lon="16.05187233">
        <time>2026-03-02T21:21:46Z</time>
        <course>0.00</course>
        <speed>0.396</speed>
      </trkpt>
      <trkpt lat="48.32039800" lon="16.05187233">
        <time>2026-03-02T21:21:46Z</time>
        <course>0.00</course>
        <speed>0.000</speed>
      </trkpt>
      <trkpt lat="48.32040117" lon="16.05188317">
        <time>2026-03-02T21:21:47Z</time>
        <course>0.00</course>
        <speed>0.912</speed>
      </trkpt>
      <trkpt lat="48.32040117" lon="16.05188317">
        <time>2026-03-02T21:21:47Z</time>
        <course>0.00</course>
        <speed>0.000</speed>
      </trkpt>
      <trkpt lat="48.32040750" lon="16.05189483">
        <time>2026-03-02T21:21:48Z</time>
        <course>89.91</course>
        <speed>1.129</speed>
      </trkpt>
      <trkpt lat="48.32040750" lon="16.05189483">
        <time>2026-03-02T21:21:48Z</time>
        <course>0.00</course>
        <speed>0.000</speed>
      </trkpt>
      <trkpt lat="48.32041083" lon="16.05191183">
        <time>2026-03-02T21:21:49Z</time>
        <course>76.87</course>
        <speed>1.249</speed>
      </trkpt>
      <trkpt lat="48.32041083" lon="16.05191183">
        <time>2026-03-02T21:21:49Z</time>
        <course>0.00</course>
        <speed>0.000</speed>
      </trkpt>
      <trkpt lat="48.32041233" lon="16.05193183">
        <time>2026-03-02T21:21:50Z</time>
        <course>78.68</course>
        <speed>1.361</speed>
      </trkpt>
      <trkpt lat="48.32041233" lon="16.05193183">
        <time>2026-03-02T21:21:50Z</time>
        <course>0.00</course>
        <speed>0.000</speed>
      </trkpt>
      <trkpt lat="48.32041400" lon="16.05195150">
        <time>2026-03-02T21:21:51Z</time>
        <course>77.87</course>
        <speed>1.321</speed>
      </trkpt>
      <trkpt lat="48.32041400" lon="16.05195150">
        <time>2026-03-02T21:21:51Z</time>
        <course>0.00</course>
        <speed>0.000</speed>
      </trkpt>
      <trkpt lat="48.32041517" lon="16.05197017">
        <time>2026-03-02T21:21:52Z</time>
        <course>80.55</course>
        <speed>1.456</speed>
      </trkpt>
      <trkpt lat="48.32041517" lon="16.05197017">
        <time>2026-03-02T21:21:52Z</time>
        <course>0.00</course>
        <speed>0.000</speed>
      </trkpt>
      <trkpt lat="48.32041917" lon="16.05198733">
        <time>2026-03-02T21:21:53Z</time>
        <course>77.47</course>
        <speed>1.546</speed>
      </trkpt>
      <trkpt lat="48.32041917" lon="16.05198733">
        <time>2026-03-02T21:21:53Z</time>
        <course>0.00</course>
        <speed>0.000</speed>
      </trkpt>
      <trkpt lat="48.32042467" lon="16.05200167">
        <time>2026-03-02T21:21:54Z</time>
        <course>70.74</course>
        <speed>1.266</speed>
      </trkpt>
      <trkpt lat="48.32042467" lon="16.05200167">
        <time>2026-03-02T21:21:54Z</time>
        <course>0.00</course>
        <speed>0.000</speed>
      </trkpt>
      <trkpt lat="48.32043000" lon="16.05201567">
        <time>2026-03-02T21:21:55Z</time>
        <course>72.00</course>
        <speed>1.304</speed>
      </trkpt>
      <trkpt lat="48.32043000" lon="16.05201567">
        <time>2026-03-02T21:21:55Z</time>
        <course>0.00</course>
        <speed>0.000</speed>
      </trkpt>
      <trkpt lat="48.32043217" lon="16.05203433">
        <time>2026-03-02T21:21:56Z</time>
        <course>73.17</course>
        <speed>1.347</speed>
      </trkpt>
      <trkpt lat="48.32043217" lon="16.05203433">
        <time>2026-03-02T21:21:56Z</time>
        <course>0.00</course>
        <speed>0.000</speed>
      </trkpt>
      <trkpt lat="48.32043600" lon="16.05205150">
        <time>2026-03-02T21:21:57Z</time>
        <course>0.00</course>
        <speed>1.317</speed>
      </trkpt>
      <trkpt lat="48.32043600" lon="16.05205150">
        <time>2026-03-02T21:21:57Z</time>
        <course>0.00</course>
        <speed>0.000</speed>
      </trkpt>
      <trkpt lat="48.32043983" lon="16.05206733">
        <time>2026-03-02T21:21:58Z</time>
        <course>75.05</course>
        <speed>1.306</speed>
      </trkpt>
      <trkpt lat="48.32043983" lon="16.05206733">
        <time>2026-03-02T21:21:58Z</time>
        <course>0.00</course>
        <speed>0.000</speed>
      </trkpt>
      <trkpt lat="48.32044367" lon="16.05208317">
        <time>2026-03-02T21:21:59Z</time>
        <course>0.00</course>
        <speed>1.258</speed>
      </trkpt>
      <trkpt lat="48.32044367" lon="16.05208317">
        <time>2026-03-02T21:21:59Z</time>
        <course>0.00</course>
        <speed>0.000</speed>
      </trkpt>
      <trkpt lat="48.32044600" lon="16.05210000">
        <time>2026-03-02T21:22:00Z</time>
        <course>0.00</course>
        <speed>1.101</speed>
      </trkpt>
      <trkpt lat="48.32044600" lon="16.05210000">
        <time>2026-03-02T21:22:00Z</time>
        <course>0.00</course>
        <speed>0.000</speed>
      </trkpt>
      <trkpt lat="48.32044967" lon="16.05211733">
        <time>2026-03-02T21:22:01Z</time>
        <course>0.00</course>
        <speed>1.128</speed>
      </trkpt>
      <trkpt lat="48.32044967" lon="16.05211733">
        <time>2026-03-02T21:22:01Z</time>
        <course>0.00</course>
        <speed>0.000</speed>
      </trkpt>
      <trkpt lat="48.32045383" lon="16.05213283">
        <time>2026-03-02T21:22:02Z</time>
        <course>0.00</course>
        <speed>1.245</speed>
      </trkpt>
      <trkpt lat="48.32045383" lon="16.05213283">
        <time>2026-03-02T21:22:02Z</time>
        <course>0.00</course>
        <speed>0.000</speed>
      </trkpt>
      <trkpt lat="48.32045500" lon="16.05215217">
        <time>2026-03-02T21:22:03Z</time>
        <course>79.32</course>
        <speed>1.409</speed>
      </trkpt>
      <trkpt lat="48.32045500" lon="16.05215217">
        <time>2026-03-02T21:22:03Z</time>
        <course>0.00</course>
        <speed>0.000</speed>
      </trkpt>
      <trkpt lat="48.32045633" lon="16.05217067">
        <time>2026-03-02T21:22:04Z</time>
        <course>80.47</course>
        <speed>1.359</speed>
      </trkpt>
      <trkpt lat="48.32045633" lon="16.05217067">
        <time>2026-03-02T21:22:04Z</time>
        <course>0.00</course>
        <speed>0.000</speed>
      </trkpt>
      <trkpt lat="48.32046217" lon="16.05218550">
        <time>2026-03-02T21:22:05Z</time>
        <course>79.15</course>
        <speed>1.411</speed>
      </trkpt>
      <trkpt lat="48.32046217" lon="16.05218550">
        <time>2026-03-02T21:22:05Z</time>
        <course>0.00</course>
        <speed>0.000</speed>
      </trkpt>
      <trkpt lat="48.32046500" lon="16.05220450">
        <time>2026-03-02T21:22:06Z</time>
        <course>78.36</course>
        <speed>1.401</speed>
      </trkpt>
      <trkpt lat="48.32046500" lon="16.05220450">
        <time>2026-03-02T21:22:06Z</time>
        <course>0.00</course>
        <speed>0.000</speed>
      </trkpt>
      <trkpt lat="48.32046650" lon="16.05222300">
        <time>2026-03-02T21:22:07Z</time>
        <course>80.69</course>
        <speed>1.345</speed>
      </trkpt>
      <trkpt lat="48.32046650" lon="16.05222300">
        <time>2026-03-02T21:22:07Z</time>
        <course>0.00</course>
        <speed>0.000</speed>
      </trkpt>
      <trkpt lat="48.32047183" lon="16.05223917">
        <time>2026-03-02T21:22:08Z</time>
        <course>82.77</course>
        <speed>1.511</speed>
      </trkpt>
      <trkpt lat="48.32047183" lon="16.05223917">
        <time>2026-03-02T21:22:08Z</time>
        <course>0.00</course>
        <speed>0.000</speed>
      </trkpt>
      <trkpt lat="48.32047283" lon="16.05225833">
        <time>2026-03-02T21:22:09Z</time>
        <course>86.05</course>
        <speed>1.529</speed>
      </trkpt>
      <trkpt lat="48.32047283" lon="16.05225833">
        <time>2026-03-02T21:22:09Z</time>
        <course>0.00</course>
        <speed>0.000</speed>
      </trkpt>
      <trkpt lat="48.32047367" lon="16.05227883">
        <time>2026-03-02T21:22:10Z</time>
        <course>85.21</course>
        <speed>1.503</speed>
      </trkpt>
      <trkpt lat="48.32047367" lon="16.05227883">
        <time>2026-03-02T21:22:10Z</time>
        <course>0.00</course>
        <speed>0.000</speed>
      </trkpt>
      <trkpt lat="48.32047550" lon="16.05229733">
        <time>2026-03-02T21:22:11Z</time>
        <course>83.69</course>
        <speed>1.405</speed>
      </trkpt>
      <trkpt lat="48.32047550" lon="16.05229733">
        <time>2026-03-02T21:22:11Z</time>
        <course>0.00</course>
        <speed>0.000</speed>
      </trkpt>
      <trkpt lat="48.32047583" lon="16.05231617">
        <time>2026-03-02T21:22:12Z</time>
        <course>86.96</course>
        <speed>1.362</speed>
      </trkpt>
      <trkpt lat="48.32047583" lon="16.05231617">
        <time>2026-03-02T21:22:12Z</time>
        <course>0.00</course>
        <speed>0.000</speed>
      </trkpt>
      <trkpt lat="48.32047833" lon="16.05233467">
        <time>2026-03-02T21:22:13Z</time>
        <course>86.61</course>
        <speed>1.525</speed>
      </trkpt>
      <trkpt lat="48.32047833" lon="16.05233467">
        <time>2026-03-02T21:22:13Z</time>
        <course>0.00</course>
        <speed>0.000</speed>
      </trkpt>
      <trkpt lat="48.32049283" lon="16.05234650">
        <time>2026-03-02T21:22:14Z</time>
        <course>68.30</course>
        <speed>1.503</speed>
      </trkpt>
      <trkpt lat="48.32049283" lon="16.05234650">
        <time>2026-03-02T21:22:14Z</time>
        <course>0.00</course>
        <speed>0.000</speed>
      </trkpt>
      <trkpt lat="48.32050000" lon="16.05236267">
        <time>2026-03-02T21:22:15Z</time>
        <course>63.13</course>
        <speed>1.473</speed>
      </trkpt>
      <trkpt lat="48.32050000" lon="16.05236267">
        <time>2026-03-02T21:22:15Z</time>
        <course>0.00</course>
        <speed>0.000</speed>
      </trkpt>
      <trkpt lat="48.32050183" lon="16.05238317">
        <time>2026-03-02T21:22:16Z</time>
        <course>69.56</course>
        <speed>1.427</speed>
      </trkpt>
      <trkpt lat="48.32050183" lon="16.05238317">
        <time>2026-03-02T21:22:16Z</time>
        <course>0.00</course>
        <speed>0.000</speed>
      </trkpt>
      <trkpt lat="48.32050633" lon="16.05240217">
        <time>2026-03-02T21:22:17Z</time>
        <course>71.82</course>
        <speed>1.486</speed>
      </trkpt>
      <trkpt lat="48.32050633" lon="16.05240217">
        <time>2026-03-02T21:22:17Z</time>
        <course>0.00</course>
        <speed>0.000</speed>
      </trkpt>
      <trkpt lat="48.32050900" lon="16.05242183">
        <time>2026-03-02T21:22:18Z</time>
        <course>69.30</course>
        <speed>1.440</speed>
      </trkpt>
      <trkpt lat="48.32050900" lon="16.05242183">
        <time>2026-03-02T21:22:18Z</time>
        <course>0.00</course>
        <speed>0.000</speed>
      </trkpt>
      <trkpt lat="48.32051217" lon="16.05244067">
        <time>2026-03-02T21:22:19Z</time>
        <course>0.00</course>
        <speed>1.302</speed>
      </trkpt>
      <trkpt lat="48.32051217" lon="16.05244067">
        <time>2026-03-02T21:22:19Z</time>
        <course>0.00</course>
        <speed>0.000</speed>
      </trkpt>
      <trkpt lat="48.32051533" lon="16.05245733">
        <time>2026-03-02T21:22:20Z</time>
        <course>0.00</course>
        <speed>1.182</speed>
      </trkpt>
      <trkpt lat="48.32051533" lon="16.05245733">
        <time>2026-03-02T21:22:20Z</time>
        <course>0.00</course>
        <speed>0.000</speed>
      </trkpt>
      <trkpt lat="48.32051750" lon="16.05247717">
        <time>2026-03-02T21:22:21Z</time>
        <course>76.81</course>
        <speed>1.462</speed>
      </trkpt>
      <trkpt lat="48.32051750" lon="16.05247717">
        <time>2026-03-02T21:22:21Z</time>
        <course>0.00</course>
        <speed>0.000</speed>
      </trkpt>
      <trkpt lat="48.32051950" lon="16.05249733">
        <time>2026-03-02T21:22:22Z</time>
        <course>78.59</course>
        <speed>1.516</speed>
      </trkpt>
      <trkpt lat="48.32051950" lon="16.05249733">
        <time>2026-03-02T21:22:22Z</time>
        <course>0.00</course>
        <speed>0.000</speed>
      </trkpt>
      <trkpt lat="48.32052100" lon="16.05251800">
        <time>2026-03-02T21:22:23Z</time>
        <course>77.29</course>
        <speed>1.480</speed>
      </trkpt>
      <trkpt lat="48.32052100" lon="16.05251800">
        <time>2026-03-02T21:22:23Z</time>
        <course>0.00</course>
        <speed>0.000</speed>
      </trkpt>
      <trkpt lat="48.32051867" lon="16.05254450">
        <time>2026-03-02T21:22:24Z</time>
        <course>80.37</course>
        <speed>1.584</speed>
      </trkpt>
      <trkpt lat="48.32051867" lon="16.05254450">
        <time>2026-03-02T21:22:24Z</time>
        <course>0.00</course>
        <speed>0.000</speed>
      </trkpt>
      <trkpt lat="48.32052283" lon="16.05256217">
        <time>2026-03-02T21:22:25Z</time>
        <course>80.35</course>
        <speed>1.544</speed>
      </trkpt>
      <trkpt lat="48.32052283" lon="16.05256217">
        <time>2026-03-02T21:22:25Z</time>
        <course>0.00</course>
        <speed>0.000</speed>
      </trkpt>
      <trkpt lat="48.32052683" lon="16.05258183">
        <time>2026-03-02T21:22:26Z</time>
        <course>79.01</course>
        <speed>1.440</speed>
      </trkpt>
      <trkpt lat="48.32052683" lon="16.05258183">
        <time>2026-03-02T21:22:26Z</time>
        <course>0.00</course>
        <speed>0.000</speed>
      </trkpt>
      <trkpt lat="48.32053000" lon="16.05260083">
        <time>2026-03-02T21:22:27Z</time>
        <course>75.43</course>
        <speed>1.479</speed>
      </trkpt>
      <trkpt lat="48.32053000" lon="16.05260083">
        <time>2026-03-02T21:22:27Z</time>
        <course>0.00</course>
        <speed>0.000</speed>
      </trkpt>
      <trkpt lat="48.32053217" lon="16.05262050">
        <time>2026-03-02T21:22:28Z</time>
        <course>74.47</course>
        <speed>1.404</speed>
      </trkpt>
      <trkpt lat="48.32053217" lon="16.05262050">
        <time>2026-03-02T21:22:28Z</time>
        <course>0.00</course>
        <speed>0.000</speed>
      </trkpt>
      <trkpt lat="48.32053417" lon="16.05263833">
        <time>2026-03-02T21:22:29Z</time>
        <course>78.72</course>
        <speed>1.451</speed>
      </trkpt>
      <trkpt lat="48.32053417" lon="16.05263833">
        <time>2026-03-02T21:22:29Z</time>
        <course>0.00</course>
        <speed>0.000</speed>
      </trkpt>
      <trkpt lat="48.32053333" lon="16.05266050">
        <time>2026-03-02T21:22:30Z</time>
        <course>0.00</course>
        <speed>1.676</speed>
      </trkpt>
      <trkpt lat="48.32053333" lon="16.05266050">
        <time>2026-03-02T21:22:30Z</time>
        <course>0.00</course>
        <speed>0.000</speed>
      </trkpt>
      <trkpt lat="48.32053533" lon="16.05268000">
        <time>2026-03-02T21:22:31Z</time>
        <course>78.54</course>
        <speed>1.402</speed>
      </trkpt>
      <trkpt lat="48.32053533" lon="16.05268000">
        <time>2026-03-02T21:22:31Z</time>
        <course>0.00</course>
        <speed>0.000</speed>
      </trkpt>
      <trkpt lat="48.32053533" lon="16.05270033">
        <time>2026-03-02T21:22:32Z</time>
        <course>0.00</course>
        <speed>1.519</speed>
      </trkpt>
      <trkpt lat="48.32053533" lon="16.05270033">
        <time>2026-03-02T21:22:32Z</time>
        <course>0.00</course>
        <speed>0.000</speed>
      </trkpt>
      <trkpt lat="48.32053467" lon="16.05272083">
        <time>2026-03-02T21:22:33Z</time>
        <course>87.68</course>
        <speed>1.735</speed>
      </trkpt>
      <trkpt lat="48.32053467" lon="16.05272083">
        <time>2026-03-02T21:22:33Z</time>
        <course>0.00</course>
        <speed>0.000</speed>
      </trkpt>
      <trkpt lat="48.32053767" lon="16.05274150">
        <time>2026-03-02T21:22:34Z</time>
        <course>0.00</course>
        <speed>1.680</speed>
      </trkpt>
      <trkpt lat="48.32053767" lon="16.05274150">
        <time>2026-03-02T21:22:34Z</time>
        <course>0.00</course>
        <speed>0.000</speed>
      </trkpt>
      <trkpt lat="48.32053883" lon="16.05276133">
        <time>2026-03-02T21:22:35Z</time>
        <course>0.00</course>
        <speed>1.486</speed>
      </trkpt>
      <trkpt lat="48.32053883" lon="16.05276133">
        <time>2026-03-02T21:22:35Z</time>
        <course>0.00</course>
        <speed>0.000</speed>
      </trkpt>
      <trkpt lat="48.32054133" lon="16.05277933">
        <time>2026-03-02T21:22:36Z</time>
        <course>0.00</course>
        <speed>1.423</speed>
      </trkpt>
      <trkpt lat="48.32054133" lon="16.05277933">
        <time>2026-03-02T21:22:36Z</time>
        <course>0.00</course>
        <speed>0.000</speed>
      </trkpt>
      <trkpt lat="48.32054133" lon="16.05279650">
        <time>2026-03-02T21:22:37Z</time>
        <course>0.00</course>
        <speed>1.437</speed>
      </trkpt>
      <trkpt lat="48.32054133" lon="16.05279650">
        <time>2026-03-02T21:22:37Z</time>
        <course>0.00</course>
        <speed>0.000</speed>
      </trkpt>
      <trkpt lat="48.32053650" lon="16.05281917">
        <time>2026-03-02T21:22:38Z</time>
        <course>97.45</course>
        <speed>1.846</speed>
      </trkpt>
      <trkpt lat="48.32053650" lon="16.05281917">
        <time>2026-03-02T21:22:38Z</time>
        <course>0.00</course>
        <speed>0.000</speed>
      </trkpt>
      <trkpt lat="48.32053833" lon="16.05283733">
        <time>2026-03-02T21:22:39Z</time>
        <course>0.00</course>
        <speed>1.568</speed>
      </trkpt>
      <trkpt lat="48.32053833" lon="16.05283733">
        <time>2026-03-02T21:22:39Z</time>
        <course>0.00</course>
        <speed>0.000</speed>
      </trkpt>
      <trkpt lat="48.32053767" lon="16.05285817">
        <time>2026-03-02T21:22:40Z</time>
        <course>0.00</course>
        <speed>1.532</speed>
      </trkpt>
      <trkpt lat="48.32053767" lon="16.05285817">
        <time>2026-03-02T21:22:40Z</time>
        <course>0.00</course>
        <speed>0.000</speed>
      </trkpt>
      <trkpt lat="48.32053600" lon="16.05288017">
        <time>2026-03-02T21:22:41Z</time>
        <course>0.00</course>
        <speed>1.597</speed>
      </trkpt>
      <trkpt lat="48.32053600" lon="16.05288017">
        <time>2026-03-02T21:22:41Z</time>
        <course>0.00</course>
        <speed>0.000</speed>
      </trkpt>
      <trkpt lat="48.32053650" lon="16.05290050">
        <time>2026-03-02T21:22:42Z</time>
        <course>91.97</course>
        <speed>1.456</speed>
      </trkpt>
      <trkpt lat="48.32053650" lon="16.05290050">
        <time>2026-03-02T21:22:42Z</time>
        <course>0.00</course>
        <speed>0.000</speed>
      </trkpt>
      <trkpt lat="48.32053950" lon="16.05291800">
        <time>2026-03-02T21:22:43Z</time>
        <course>0.00</course>
        <speed>1.397</speed>
      </trkpt>
      <trkpt lat="48.32053950" lon="16.05291800">
        <time>2026-03-02T21:22:43Z</time>
        <course>0.00</course>
        <speed>0.000</speed>
      </trkpt>
      <trkpt lat="48.32054567" lon="16.05293317">
        <time>2026-03-02T21:22:44Z</time>
        <course>0.00</course>
        <speed>1.418</speed>
      </trkpt>
      <trkpt lat="48.32054567" lon="16.05293317">
        <time>2026-03-02T21:22:44Z</time>
        <course>0.00</course>
        <speed>0.000</speed>
      </trkpt>
      <trkpt lat="48.32054583" lon="16.05295433">
        <time>2026-03-02T21:22:45Z</time>
        <course>0.00</course>
        <speed>1.649</speed>
      </trkpt>
      <trkpt lat="48.32054583" lon="16.05295433">
        <time>2026-03-02T21:22:45Z</time>
        <course>0.00</course>
        <speed>0.000</speed>
      </trkpt>
      <trkpt lat="48.32055883" lon="16.05296450">
        <time>2026-03-02T21:22:46Z</time>
        <course>0.00</course>
        <speed>1.516</speed>
      </trkpt>
      <trkpt lat="48.32055883" lon="16.05296450">
        <time>2026-03-02T21:22:46Z</time>
        <course>0.00</course>
        <speed>0.000</speed>
      </trkpt>
      <trkpt lat="48.32057233" lon="16.05297583">
        <time>2026-03-02T21:22:47Z</time>
        <course>0.00</course>
        <speed>1.576</speed>
      </trkpt>
      <trkpt lat="48.32057233" lon="16.05297583">
        <time>2026-03-02T21:22:47Z</time>
        <course>0.00</course>
        <speed>0.000</speed>
      </trkpt>
      <trkpt lat="48.32057733" lon="16.05299183">
        <time>2026-03-02T21:22:48Z</time>
        <course>0.00</course>
        <speed>1.465</speed>
      </trkpt>
      <trkpt lat="48.32057733" lon="16.05299183">
        <time>2026-03-02T21:22:48Z</time>
        <course>0.00</course>
        <speed>0.000</speed>
      </trkpt>
      <trkpt lat="48.32057633" lon="16.05301167">
        <time>2026-03-02T21:22:49Z</time>
        <course>0.00</course>
        <speed>1.622</speed>
      </trkpt>
      <trkpt lat="48.32057633" lon="16.05301167">
        <time>2026-03-02T21:22:49Z</time>
        <course>0.00</course>
        <speed>0.000</speed>
      </trkpt>
      <trkpt lat="48.32059533" lon="16.05301833">
        <time>2026-03-02T21:22:50Z</time>
        <course>0.00</course>
        <speed>1.629</speed>
      </trkpt>
      <trkpt lat="48.32059533" lon="16.05301833">
        <time>2026-03-02T21:22:50Z</time>
        <course>0.00</course>
        <speed>0.000</speed>
      </trkpt>
      <trkpt lat="48.32059067" lon="16.05304083">
        <time>2026-03-02T21:22:51Z</time>
        <course>0.00</course>
        <speed>1.338</speed>
      </trkpt>
      <trkpt lat="48.32059067" lon="16.05304083">
        <time>2026-03-02T21:22:51Z</time>
        <course>0.00</course>
        <speed>0.000</speed>
      </trkpt>
      <trkpt lat="48.32059683" lon="16.05305483">
        <time>2026-03-02T21:22:52Z</time>
        <course>0.00</course>
        <speed>1.270</speed>
      </trkpt>
      <trkpt lat="48.32059683" lon="16.05305483">
        <time>2026-03-02T21:22:52Z</time>
        <course>0.00</course>
        <speed>0.000</speed>
      </trkpt>
      <trkpt lat="48.32059917" lon="16.05307267">
        <time>2026-03-02T21:22:53Z</time>
        <course>0.00</course>
        <speed>1.339</speed>
      </trkpt>
      <trkpt lat="48.32059917" lon="16.05307267">
        <time>2026-03-02T21:22:53Z</time>
        <course>0.00</course>
        <speed>0.000</speed>
      </trkpt>
      <trkpt lat="48.32060667" lon="16.05308667">
        <time>2026-03-02T21:22:54Z</time>
        <course>0.00</course>
        <speed>1.414</speed>
      </trkpt>
      <trkpt lat="48.32060667" lon="16.05308667">
        <time>2026-03-02T21:22:54Z</time>
        <course>0.00</course>
        <speed>0.000</speed>
      </trkpt>
      <trkpt lat="48.32061383" lon="16.05309983">
        <time>2026-03-02T21:22:55Z</time>
        <course>0.00</course>
        <speed>1.381</speed>
      </trkpt>
      <trkpt lat="48.32061383" lon="16.05309983">
        <time>2026-03-02T21:22:55Z</time>
        <course>0.00</course>
        <speed>0.000</speed>
      </trkpt>
      <trkpt lat="48.32061317" lon="16.05311917">
        <time>2026-03-02T21:22:56Z</time>
        <course>0.00</course>
        <speed>1.483</speed>
      </trkpt>
      <trkpt lat="48.32061317" lon="16.05311917">
        <time>2026-03-02T21:22:56Z</time>
        <course>0.00</course>
        <speed>0.000</speed>
      </trkpt>
      <trkpt lat="48.32061733" lon="16.05313767">
        <time>2026-03-02T21:22:57Z</time>
        <course>0.00</course>
        <speed>1.478</speed>
      </trkpt>
      <trkpt lat="48.32061733" lon="16.05313767">
        <time>2026-03-02T21:22:57Z</time>
        <course>0.00</course>
        <speed>0.000</speed>
      </trkpt>
      <trkpt lat="48.32062317" lon="16.05314933">
        <time>2026-03-02T21:22:58Z</time>
        <course>0.00</course>
        <speed>1.050</speed>
      </trkpt>
      <trkpt lat="48.32062317" lon="16.05314933">
        <time>2026-03-02T21:22:58Z</time>
        <course>0.00</course>
        <speed>0.000</speed>
      </trkpt>
      <trkpt lat="48.32062867" lon="16.05316583">
        <time>2026-03-02T21:22:59Z</time>
        <course>0.00</course>
        <speed>1.299</speed>
      </trkpt>
      <trkpt lat="48.32062867" lon="16.05316583">
        <time>2026-03-02T21:22:59Z</time>
        <course>0.00</course>
        <speed>0.000</speed>
      </trkpt>
      <trkpt lat="48.32064767" lon="16.05316500">
        <time>2026-03-02T21:23:00Z</time>
        <course>0.00</course>
        <speed>1.583</speed>
      </trkpt>
      <trkpt lat="48.32064767" lon="16.05316500">
        <time>2026-03-02T21:23:00Z</time>
        <course>0.00</course>
        <speed>0.000</speed>
      </trkpt>
      <trkpt lat="48.32064733" lon="16.05319100">
        <time>2026-03-02T21:23:01Z</time>
        <course>0.00</course>
        <speed>1.091</speed>
      </trkpt>
      <trkpt lat="48.32064733" lon="16.05319100">
        <time>2026-03-02T21:23:01Z</time>
        <course>0.00</course>
        <speed>0.000</speed>
      </trkpt>
      <trkpt lat="48.32064017" lon="16.05321200">
        <time>2026-03-02T21:23:02Z</time>
        <course>0.00</course>
        <speed>0.619</speed>
      </trkpt>
      <trkpt lat="48.32064017" lon="16.05321200">
        <time>2026-03-02T21:23:02Z</time>
        <course>0.00</course>
        <speed>0.000</speed>
      </trkpt>
      <trkpt lat="48.32064933" lon="16.05321767">
        <time>2026-03-02T21:23:03Z</time>
        <course>0.00</course>
        <speed>0.846</speed>
      </trkpt>
      <trkpt lat="48.32064933" lon="16.05321767">
        <time>2026-03-02T21:23:03Z</time>
        <course>0.00</course>
        <speed>0.000</speed>
      </trkpt>
      <trkpt lat="48.32066283" lon="16.05321867">
        <time>2026-03-02T21:23:04Z</time>
        <course>0.00</course>
        <speed>1.100</speed>
      </trkpt>
      <trkpt lat="48.32066283" lon="16.05321867">
        <time>2026-03-02T21:23:04Z</time>
        <course>0.00</course>
        <speed>0.000</speed>
      </trkpt>
      <trkpt lat="48.32066567" lon="16.05322017">
        <time>2026-03-02T21:23:05Z</time>
        <course>0.00</course>
        <speed>0.848</speed>
      </trkpt>
      <trkpt lat="48.32066567" lon="16.05322017">
        <time>2026-03-02T21:23:05Z</time>
        <course>0.00</course>
        <speed>0.000</speed>
      </trkpt>
      <trkpt lat="48.32067500" lon="16.05320800">
        <time>2026-03-02T21:23:06Z</time>
        <course>0.00</course>
        <speed>1.365</speed>
      </trkpt>
      <trkpt lat="48.32067500" lon="16.05320800">
        <time>2026-03-02T21:23:06Z</time>
        <course>0.00</course>
        <speed>0.000</speed>
      </trkpt>
      <trkpt lat="48.32067583" lon="16.05321733">
        <time>2026-03-02T21:23:07Z</time>
        <course>0.00</course>
        <speed>0.834</speed>
      </trkpt>
      <trkpt lat="48.32067583" lon="16.05321733">
        <time>2026-03-02T21:23:07Z</time>
        <course>0.00</course>
        <speed>0.000</speed>
      </trkpt>
      <trkpt lat="48.32065267" lon="16.05319933">
        <time>2026-03-02T21:23:08Z</time>
        <course>0.00</course>
        <speed>2.560</speed>
      </trkpt>
      <trkpt lat="48.32065267" lon="16.05319933">
        <time>2026-03-02T21:23:08Z</time>
        <course>0.00</course>
        <speed>0.000</speed>
      </trkpt>
      <trkpt lat="48.32064767" lon="16.05319850">
        <time>2026-03-02T21:23:09Z</time>
        <course>0.00</course>
        <speed>1.769</speed>
      </trkpt>
      <trkpt lat="48.32064767" lon="16.05319850">
        <time>2026-03-02T21:23:09Z</time>
        <course>0.00</course>
        <speed>0.000</speed>
      </trkpt>
      <trkpt lat="48.32064233" lon="16.05321033">
        <time>2026-03-02T21:23:10Z</time>
        <course>0.00</course>
        <speed>1.002</speed>
      </trkpt>
      <trkpt lat="48.32064233" lon="16.05321033">
        <time>2026-03-02T21:23:10Z</time>
        <course>0.00</course>
        <speed>0.000</speed>
      </trkpt>
      <trkpt lat="48.32064050" lon="16.05322467">
        <time>2026-03-02T21:23:11Z</time>
        <course>0.00</course>
        <speed>0.183</speed>
      </trkpt>
      <trkpt lat="48.32064050" lon="16.05322467">
        <time>2026-03-02T21:23:11Z</time>
        <course>0.00</course>
        <speed>0.000</speed>
      </trkpt>
      <trkpt lat="48.32064167" lon="16.05323517">
        <time>2026-03-02T21:23:12Z</time>
        <course>0.00</course>
        <speed>0.307</speed>
      </trkpt>
      <trkpt lat="48.32064167" lon="16.05323517">
        <time>2026-03-02T21:23:12Z</time>
        <course>0.00</course>
        <speed>0.000</speed>
      </trkpt>
      <trkpt lat="48.32063867" lon="16.05324483">
        <time>2026-03-02T21:23:13Z</time>
        <course>0.00</course>
        <speed>0.342</speed>
      </trkpt>
      <trkpt lat="48.32063867" lon="16.05324483">
        <time>2026-03-02T21:23:13Z</time>
        <course>0.00</course>
        <speed>0.000</speed>
      </trkpt>
      <trkpt lat="48.32065067" lon="16.05323917">
        <time>2026-03-02T21:23:14Z</time>
        <course>0.00</course>
        <speed>1.195</speed>
      </trkpt>
      <trkpt lat="48.32065067" lon="16.05323917">
        <time>2026-03-02T21:23:14Z</time>
        <course>0.00</course>
        <speed>0.000</speed>
      </trkpt>
      <trkpt lat="48.32064100" lon="16.05325700">
        <time>2026-03-02T21:23:15Z</time>
        <course>0.00</course>
        <speed>0.701</speed>
      </trkpt>
      <trkpt lat="48.32064100" lon="16.05325700">
        <time>2026-03-02T21:23:15Z</time>
        <course>0.00</course>
        <speed>0.000</speed>
      </trkpt>
      <trkpt lat="48.32061183" lon="16.05327050">
        <time>2026-03-02T21:23:16Z</time>
        <course>0.00</course>
        <speed>1.954</speed>
      </trkpt>
      <trkpt lat="48.32061183" lon="16.05327050">
        <time>2026-03-02T21:23:16Z</time>
        <course>0.00</course>
        <speed>0.000</speed>
      </trkpt>
      <trkpt lat="48.32062917" lon="16.05327733">
        <time>2026-03-02T21:23:17Z</time>
        <course>0.00</course>
        <speed>0.464</speed>
      </trkpt>
      <trkpt lat="48.32062917" lon="16.05327733">
        <time>2026-03-02T21:23:17Z</time>
        <course>0.00</course>
        <speed>0.000</speed>
      </trkpt>
      <trkpt lat="48.32062283" lon="16.05329417">
        <time>2026-03-02T21:23:18Z</time>
        <course>0.00</course>
        <speed>0.362</speed>
      </trkpt>
      <trkpt lat="48.32062283" lon="16.05329417">
        <time>2026-03-02T21:23:18Z</time>
        <course>0.00</course>
        <speed>0.000</speed>
      </trkpt>
      <trkpt lat="48.32063433" lon="16.05331117">
        <time>2026-03-02T21:23:19Z</time>
        <course>0.00</course>
        <speed>1.039</speed>
      </trkpt>
      <trkpt lat="48.32063433" lon="16.05331117">
        <time>2026-03-02T21:23:19Z</time>
        <course>0.00</course>
        <speed>0.000</speed>
      </trkpt>
      <trkpt lat="48.32064967" lon="16.05332317">
        <time>2026-03-02T21:23:20Z</time>
        <course>35.04</course>
        <speed>1.938</speed>
      </trkpt>
      <trkpt lat="48.32064967" lon="16.05332317">
        <time>2026-03-02T21:23:20Z</time>
        <course>0.00</course>
        <speed>0.000</speed>
      </trkpt>
      <trkpt lat="48.32064950" lon="16.05333867">
        <time>2026-03-02T21:23:21Z</time>
        <course>0.00</course>
        <speed>0.856</speed>
      </trkpt>
      <trkpt lat="48.32064950" lon="16.05333867">
        <time>2026-03-02T21:23:21Z</time>
        <course>0.00</course>
        <speed>0.000</speed>
      </trkpt>
      <trkpt lat="48.32064367" lon="16.05335750">
        <time>2026-03-02T21:23:22Z</time>
        <course>0.00</course>
        <speed>0.332</speed>
      </trkpt>
      <trkpt lat="48.32064367" lon="16.05335750">
        <time>2026-03-02T21:23:22Z</time>
        <course>0.00</course>
        <speed>0.000</speed>
      </trkpt>
      <trkpt lat="48.32064700" lon="16.05338217">
        <time>2026-03-02T21:23:23Z</time>
        <course>0.00</course>
        <speed>0.834</speed>
      </trkpt>
      <trkpt lat="48.32064700" lon="16.05338217">
        <time>2026-03-02T21:23:23Z</time>
        <course>0.00</course>
        <speed>0.000</speed>
      </trkpt>
      <trkpt lat="48.32065383" lon="16.05339967">
        <time>2026-03-02T21:23:24Z</time>
        <course>0.00</course>
        <speed>0.913</speed>
      </trkpt>
      <trkpt lat="48.32065383" lon="16.05339967">
        <time>2026-03-02T21:23:24Z</time>
        <course>0.00</course>
        <speed>0.000</speed>
      </trkpt>
      <trkpt lat="48.32066333" lon="16.05341167">
        <time>2026-03-02T21:23:25Z</time>
        <course>0.00</course>
        <speed>0.965</speed>
      </trkpt>
      <trkpt lat="48.32066333" lon="16.05341167">
        <time>2026-03-02T21:23:25Z</time>
        <course>0.00</course>
        <speed>0.000</speed>
      </trkpt>
      <trkpt lat="48.32071300" lon="16.05336567">
        <time>2026-03-02T21:23:26Z</time>
        <course>346.89</course>
        <speed>2.781</speed>
      </trkpt>
      <trkpt lat="48.32071300" lon="16.05336567">
        <time>2026-03-02T21:23:26Z</time>
        <course>0.00</course>
        <speed>0.000</speed>
      </trkpt>
      <trkpt lat="48.32072167" lon="16.05337783">
        <time>2026-03-02T21:23:27Z</time>
        <course>341.76</course>
        <speed>2.267</speed>
      </trkpt>
      <trkpt lat="48.32072167" lon="16.05337783">
        <time>2026-03-02T21:23:27Z</time>
        <course>0.00</course>
        <speed>0.000</speed>
      </trkpt>
      <trkpt lat="48.32073250" lon="16.05336917">
        <time>2026-03-02T21:23:28Z</time>
        <course>338.07</course>
        <speed>2.057</speed>
      </trkpt>
      <trkpt lat="48.32073250" lon="16.05336917">
        <time>2026-03-02T21:23:28Z</time>
        <course>0.00</course>
        <speed>0.000</speed>
      </trkpt>
      <trkpt lat="48.32071733" lon="16.05339067">
        <time>2026-03-02T21:23:29Z</time>
        <course>0.00</course>
        <speed>1.151</speed>
      </trkpt>
      <trkpt lat="48.32071733" lon="16.05339067">
        <time>2026-03-02T21:23:29Z</time>
        <course>0.00</course>
        <speed>0.000</speed>
      </trkpt>
      <trkpt lat="48.32072383" lon="16.05340150">
        <time>2026-03-02T21:23:30Z</time>
        <course>331.34</course>
        <speed>0.953</speed>
      </trkpt>
      <trkpt lat="48.32072383" lon="16.05340150">
        <time>2026-03-02T21:23:30Z</time>
        <course>0.00</course>
        <speed>0.000</speed>
      </trkpt>
      <trkpt lat="48.32072883" lon="16.05340400">
        <time>2026-03-02T21:23:31Z</time>
        <course>0.00</course>
        <speed>0.686</speed>
      </trkpt>
      <trkpt lat="48.32072883" lon="16.05340400">
        <time>2026-03-02T21:23:31Z</time>
        <course>0.00</course>
        <speed>0.000</speed>
      </trkpt>
      <trkpt lat="48.32074033" lon="16.05341083">
        <time>2026-03-02T21:23:32Z</time>
        <course>0.00</course>
        <speed>0.722</speed>
      </trkpt>
      <trkpt lat="48.32074033" lon="16.05341083">
        <time>2026-03-02T21:23:32Z</time>
        <course>0.00</course>
        <speed>0.000</speed>
      </trkpt>
      <trkpt lat="48.32075417" lon="16.05342017">
        <time>2026-03-02T21:23:33Z</time>
        <course>337.67</course>
        <speed>0.807</speed>
      </trkpt>
      <trkpt lat="48.32075417" lon="16.05342017">
        <time>2026-03-02T21:23:33Z</time>
        <course>0.00</course>
        <speed>0.000</speed>
      </trkpt>
      <trkpt lat="48.32076883" lon="16.05342167">
        <time>2026-03-02T21:23:34Z</time>
        <course>340.32</course>
        <speed>0.902</speed>
      </trkpt>
      <trkpt lat="48.32076883" lon="16.05342167">
        <time>2026-03-02T21:23:34Z</time>
        <course>0.00</course>
        <speed>0.000</speed>
      </trkpt>
      <trkpt lat="48.32078733" lon="16.05342750">
        <time>2026-03-02T21:23:35Z</time>
        <course>341.33</course>
        <speed>1.038</speed>
      </trkpt>
      <trkpt lat="48.32078733" lon="16.05342750">
        <time>2026-03-02T21:23:35Z</time>
        <course>0.00</course>
        <speed>0.000</speed>
      </trkpt>
      <trkpt lat="48.32080600" lon="16.05343900">
        <time>2026-03-02T21:23:36Z</time>
        <course>347.89</course>
        <speed>1.072</speed>
      </trkpt>
      <trkpt lat="48.32080600" lon="16.05343900">
        <time>2026-03-02T21:23:36Z</time>
        <course>0.00</course>
        <speed>0.000</speed>
      </trkpt>
      <trkpt lat="48.32082267" lon="16.05343567">
        <time>2026-03-02T21:23:37Z</time>
        <course>348.73</course>
        <speed>1.144</speed>
      </trkpt>
      <trkpt lat="48.32082267" lon="16.05343567">
        <time>2026-03-02T21:23:37Z</time>
        <course>0.00</course>
        <speed>0.000</speed>
      </trkpt>
      <trkpt lat="48.32084017" lon="16.05343333">
        <time>2026-03-02T21:23:38Z</time>
        <course>347.43</course>
        <speed>1.132</speed>
      </trkpt>
      <trkpt lat="48.32084017" lon="16.05343333">
        <time>2026-03-02T21:23:38Z</time>
        <course>0.00</course>
        <speed>0.000</speed>
      </trkpt>
      <trkpt lat="48.32085367" lon="16.05343150">
        <time>2026-03-02T21:23:39Z</time>
        <course>348.61</course>
        <speed>1.121</speed>
      </trkpt>
      <trkpt lat="48.32085367" lon="16.05343150">
        <time>2026-03-02T21:23:39Z</time>
        <course>0.00</course>
        <speed>0.000</speed>
      </trkpt>
      <trkpt lat="48.32086800" lon="16.05343317">
        <time>2026-03-02T21:23:40Z</time>
        <course>348.47</course>
        <speed>1.215</speed>
      </trkpt>
      <trkpt lat="48.32086800" lon="16.05343317">
        <time>2026-03-02T21:23:40Z</time>
        <course>0.00</course>
        <speed>0.000</speed>
      </trkpt>
      <trkpt lat="48.32087783" lon="16.05343450">
        <time>2026-03-02T21:23:41Z</time>
        <course>348.65</course>
        <speed>1.171</speed>
      </trkpt>
      <trkpt lat="48.32087783" lon="16.05343450">
        <time>2026-03-02T21:23:41Z</time>
        <course>0.00</course>
        <speed>0.000</speed>
      </trkpt>
      <trkpt lat="48.32088817" lon="16.05343133">
        <time>2026-03-02T21:23:42Z</time>
        <course>346.73</course>
        <speed>1.126</speed>
      </trkpt>
      <trkpt lat="48.32088817" lon="16.05343133">
        <time>2026-03-02T21:23:42Z</time>
        <course>0.00</course>
        <speed>0.000</speed>
      </trkpt>
      <trkpt lat="48.32089750" lon="16.05343267">
        <time>2026-03-02T21:23:43Z</time>
        <course>349.92</course>
        <speed>1.071</speed>
      </trkpt>
      <trkpt lat="48.32089750" lon="16.05343267">
        <time>2026-03-02T21:23:43Z</time>
        <course>0.00</course>
        <speed>0.000</speed>
      </trkpt>
      <trkpt lat="48.32090867" lon="16.05343317">
        <time>2026-03-02T21:23:44Z</time>
        <course>353.27</course>
        <speed>1.177</speed>
      </trkpt>
      <trkpt lat="48.32090867" lon="16.05343317">
        <time>2026-03-02T21:23:44Z</time>
        <course>0.00</course>
        <speed>0.000</speed>
      </trkpt>
      <trkpt lat="48.32092133" lon="16.05343083">
        <time>2026-03-02T21:23:45Z</time>
        <course>351.79</course>
        <speed>1.252</speed>
      </trkpt>
      <trkpt lat="48.32092133" lon="16.05343083">
        <time>2026-03-02T21:23:45Z</time>
        <course>0.00</course>
        <speed>0.000</speed>
      </trkpt>
      <trkpt lat="48.32093483" lon="16.05342683">
        <time>2026-03-02T21:23:46Z</time>
        <course>349.16</course>
        <speed>1.348</speed>
      </trkpt>
      <trkpt lat="48.32093483" lon="16.05342683">
        <time>2026-03-02T21:23:46Z</time>
        <course>0.00</course>
        <speed>0.000</speed>
      </trkpt>
      <trkpt lat="48.32095300" lon="16.05342100">
        <time>2026-03-02T21:23:47Z</time>
        <course>343.74</course>
        <speed>1.608</speed>
      </trkpt>
      <trkpt lat="48.32095300" lon="16.05342100">
        <time>2026-03-02T21:23:47Z</time>
        <course>0.00</course>
        <speed>0.000</speed>
      </trkpt>
      <trkpt lat="48.32096467" lon="16.05341917">
        <time>2026-03-02T21:23:48Z</time>
        <course>344.97</course>
        <speed>1.530</speed>
      </trkpt>
      <trkpt lat="48.32096467" lon="16.05341917">
        <time>2026-03-02T21:23:48Z</time>
        <course>0.00</course>
        <speed>0.000</speed>
      </trkpt>
      <trkpt lat="48.32097750" lon="16.05341867">
        <time>2026-03-02T21:23:49Z</time>
        <course>347.30</course>
        <speed>1.501</speed>
      </trkpt>
      <trkpt lat="48.32097750" lon="16.05341867">
        <time>2026-03-02T21:23:49Z</time>
        <course>0.00</course>
        <speed>0.000</speed>
      </trkpt>
      <trkpt lat="48.32099050" lon="16.05341917">
        <time>2026-03-02T21:23:50Z</time>
        <course>351.46</course>
        <speed>1.427</speed>
      </trkpt>
      <trkpt lat="48.32099050" lon="16.05341917">
        <time>2026-03-02T21:23:50Z</time>
        <course>0.00</course>
        <speed>0.000</speed>
      </trkpt>
      <trkpt lat="48.32100483" lon="16.05341633">
        <time>2026-03-02T21:23:51Z</time>
        <course>349.91</course>
        <speed>1.427</speed>
      </trkpt>
      <trkpt lat="48.32100483" lon="16.05341633">
        <time>2026-03-02T21:23:51Z</time>
        <course>0.00</course>
        <speed>0.000</speed>
      </trkpt>
      <trkpt lat="48.32101867" lon="16.05341800">
        <time>2026-03-02T21:23:52Z</time>
        <course>351.66</course>
        <speed>1.506</speed>
      </trkpt>
      <trkpt lat="48.32101867" lon="16.05341800">
        <time>2026-03-02T21:23:52Z</time>
        <course>0.00</course>
        <speed>0.000</speed>
      </trkpt>
      <trkpt lat="48.32102767" lon="16.05341867">
        <time>2026-03-02T21:23:53Z</time>
        <course>349.91</course>
        <speed>1.218</speed>
      </trkpt>
      <trkpt lat="48.32102767" lon="16.05341867">
        <time>2026-03-02T21:23:53Z</time>
        <course>0.00</course>
        <speed>0.000</speed>
      </trkpt>
      <trkpt lat="48.32104183" lon="16.05341400">
        <time>2026-03-02T21:23:54Z</time>
        <course>348.22</course>
        <speed>1.276</speed>
      </trkpt>
      <trkpt lat="48.32104183" lon="16.05341400">
        <time>2026-03-02T21:23:54Z</time>
        <course>0.00</course>
        <speed>0.000</speed>
      </trkpt>
      <trkpt lat="48.32105083" lon="16.05341500">
        <time>2026-03-02T21:23:55Z</time>
        <course>348.36</course>
        <speed>1.083</speed>
      </trkpt>
      <trkpt lat="48.32105083" lon="16.05341500">
        <time>2026-03-02T21:23:55Z</time>
        <course>0.00</course>
        <speed>0.000</speed>
      </trkpt>
      <trkpt lat="48.32105667" lon="16.05341300">
        <time>2026-03-02T21:23:56Z</time>
        <course>344.40</course>
        <speed>1.094</speed>
      </trkpt>
      <trkpt lat="48.32105667" lon="16.05341300">
        <time>2026-03-02T21:23:56Z</time>
        <course>0.00</course>
        <speed>0.000</speed>
      </trkpt>
      <trkpt lat="48.32106500" lon="16.05340933">
        <time>2026-03-02T21:23:57Z</time>
        <course>344.03</course>
        <speed>1.279</speed>
      </trkpt>
      <trkpt lat="48.32106500" lon="16.05340933">
        <time>2026-03-02T21:23:57Z</time>
        <course>0.00</course>
        <speed>0.000</speed>
      </trkpt>
      <trkpt lat="48.32107383" lon="16.05340617">
        <time>2026-03-02T21:23:58Z</time>
        <course>344.93</course>
        <speed>1.063</speed>
      </trkpt>
      <trkpt lat="48.32107383" lon="16.05340617">
        <time>2026-03-02T21:23:58Z</time>
        <course>0.00</course>
        <speed>0.000</speed>
      </trkpt>
      <trkpt lat="48.32108367" lon="16.05340333">
        <time>2026-03-02T21:23:59Z</time>
        <course>347.04</course>
        <speed>1.009</speed>
      </trkpt>
      <trkpt lat="48.32108367" lon="16.05340333">
        <time>2026-03-02T21:23:59Z</time>
        <course>0.00</course>
        <speed>0.000</speed>
      </trkpt>
      <trkpt lat="48.32108883" lon="16.05340250">
        <time>2026-03-02T21:24:00Z</time>
        <course>346.39</course>
        <speed>0.738</speed>
      </trkpt>
      <trkpt lat="48.32108883" lon="16.05340250">
        <time>2026-03-02T21:24:00Z</time>
        <course>0.00</course>
        <speed>0.000</speed>
      </trkpt>
      <trkpt lat="48.32110183" lon="16.05339633">
        <time>2026-03-02T21:24:01Z</time>
        <course>343.22</course>
        <speed>1.094</speed>
      </trkpt>
      <trkpt lat="48.32110183" lon="16.05339633">
        <time>2026-03-02T21:24:01Z</time>
        <course>0.00</course>
        <speed>0.000</speed>
      </trkpt>
      <trkpt lat="48.32111217" lon="16.05339200">
        <time>2026-03-02T21:24:02Z</time>
        <course>342.52</course>
        <speed>1.119</speed>
      </trkpt>
      <trkpt lat="48.32111217" lon="16.05339200">
        <time>2026-03-02T21:24:02Z</time>
        <course>0.00</course>
        <speed>0.000</speed>
      </trkpt>
      <trkpt lat="48.32112800" lon="16.05338667">
        <time>2026-03-02T21:24:03Z</time>
        <course>342.28</course>
        <speed>1.395</speed>
      </trkpt>
      <trkpt lat="48.32112800" lon="16.05338667">
        <time>2026-03-02T21:24:03Z</time>
        <course>0.00</course>
        <speed>0.000</speed>
      </trkpt>
      <trkpt lat="48.32113883" lon="16.05338133">
        <time>2026-03-02T21:24:04Z</time>
        <course>340.28</course>
        <speed>1.410</speed>
      </trkpt>
      <trkpt lat="48.32113883" lon="16.05338133">
        <time>2026-03-02T21:24:04Z</time>
        <course>0.00</course>
        <speed>0.000</speed>
      </trkpt>
      <trkpt lat="48.32115233" lon="16.05337533">
        <time>2026-03-02T21:24:05Z</time>
        <course>339.12</course>
        <speed>1.584</speed>
      </trkpt>
      <trkpt lat="48.32115233" lon="16.05337533">
        <time>2026-03-02T21:24:05Z</time>
        <course>0.00</course>
        <speed>0.000</speed>
      </trkpt>
      <trkpt lat="48.32116567" lon="16.05337167">
        <time>2026-03-02T21:24:06Z</time>
        <course>342.38</course>
        <speed>1.513</speed>
      </trkpt>
      <trkpt lat="48.32116567" lon="16.05337167">
        <time>2026-03-02T21:24:06Z</time>
        <course>0.00</course>
        <speed>0.000</speed>
      </trkpt>
      <trkpt lat="48.32117900" lon="16.05336667">
        <time>2026-03-02T21:24:07Z</time>
        <course>343.36</course>
        <speed>1.455</speed>
      </trkpt>
      <trkpt lat="48.32117900" lon="16.05336667">
        <time>2026-03-02T21:24:07Z</time>
        <course>0.00</course>
        <speed>0.000</speed>
      </trkpt>
      <trkpt lat="48.32119217" lon="16.05336067">
        <time>2026-03-02T21:24:08Z</time>
        <course>342.78</course>
        <speed>1.462</speed>
      </trkpt>
      <trkpt lat="48.32119217" lon="16.05336067">
        <time>2026-03-02T21:24:08Z</time>
        <course>0.00</course>
        <speed>0.000</speed>
      </trkpt>
      <trkpt lat="48.32120233" lon="16.05335817">
        <time>2026-03-02T21:24:09Z</time>
        <course>344.22</course>
        <speed>1.245</speed>
      </trkpt>
      <trkpt lat="48.32120233" lon="16.05335817">
        <time>2026-03-02T21:24:09Z</time>
        <course>0.00</course>
        <speed>0.000</speed>
      </trkpt>
      <trkpt lat="48.32121817" lon="16.05335333">
        <time>2026-03-02T21:24:10Z</time>
        <course>347.99</course>
        <speed>1.499</speed>
      </trkpt>
      <trkpt lat="48.32121817" lon="16.05335333">
        <time>2026-03-02T21:24:10Z</time>
        <course>0.00</course>
        <speed>0.000</speed>
      </trkpt>
      <trkpt lat="48.32123250" lon="16.05334917">
        <time>2026-03-02T21:24:11Z</time>
        <course>347.74</course>
        <speed>1.627</speed>
      </trkpt>
      <trkpt lat="48.32123250" lon="16.05334917">
        <time>2026-03-02T21:24:11Z</time>
        <course>0.00</course>
        <speed>0.000</speed>
      </trkpt>
      <trkpt lat="48.32124567" lon="16.05334533">
        <time>2026-03-02T21:24:12Z</time>
        <course>346.60</course>
        <speed>1.583</speed>
      </trkpt>
      <trkpt lat="48.32124567" lon="16.05334533">
        <time>2026-03-02T21:24:12Z</time>
        <course>0.00</course>
        <speed>0.000</speed>
      </trkpt>
      <trkpt lat="48.32125617" lon="16.05334183">
        <time>2026-03-02T21:24:13Z</time>
        <course>346.63</course>
        <speed>1.361</speed>
      </trkpt>
      <trkpt lat="48.32125617" lon="16.05334183">
        <time>2026-03-02T21:24:13Z</time>
        <course>0.00</course>
        <speed>0.000</speed>
      </trkpt>
      <trkpt lat="48.32126967" lon="16.05333683">
        <time>2026-03-02T21:24:14Z</time>
        <course>346.46</course>
        <speed>1.447</speed>
      </trkpt>
      <trkpt lat="48.32126967" lon="16.05333683">
        <time>2026-03-02T21:24:14Z</time>
        <course>0.00</course>
        <speed>0.000</speed>
      </trkpt>
      <trkpt lat="48.32128350" lon="16.05333383">
        <time>2026-03-02T21:24:15Z</time>
        <course>348.87</course>
        <speed>1.446</speed>
      </trkpt>
      <trkpt lat="48.32128350" lon="16.05333383">
        <time>2026-03-02T21:24:15Z</time>
        <course>0.00</course>
        <speed>0.000</speed>
      </trkpt>
      <trkpt lat="48.32129733" lon="16.05332983">
        <time>2026-03-02T21:24:16Z</time>
        <course>348.46</course>
        <speed>1.472</speed>
      </trkpt>
      <trkpt lat="48.32129733" lon="16.05332983">
        <time>2026-03-02T21:24:16Z</time>
        <course>0.00</course>
        <speed>0.000</speed>
      </trkpt>
      <trkpt lat="48.32130850" lon="16.05332667">
        <time>2026-03-02T21:24:17Z</time>
        <course>348.57</course>
        <speed>1.281</speed>
      </trkpt>
      <trkpt lat="48.32130850" lon="16.05332667">
        <time>2026-03-02T21:24:17Z</time>
        <course>0.00</course>
        <speed>0.000</speed>
      </trkpt>
      <trkpt lat="48.32132217" lon="16.05332367">
        <time>2026-03-02T21:24:18Z</time>
        <course>349.03</course>
        <speed>1.448</speed>
      </trkpt>
      <trkpt lat="48.32132217" lon="16.05332367">
        <time>2026-03-02T21:24:18Z</time>
        <course>0.00</course>
        <speed>0.000</speed>
      </trkpt>
      <trkpt lat="48.32133550" lon="16.05332000">
        <time>2026-03-02T21:24:19Z</time>
        <course>348.83</course>
        <speed>1.461</speed>
      </trkpt>
      <trkpt lat="48.32133550" lon="16.05332000">
        <time>2026-03-02T21:24:19Z</time>
        <course>0.00</course>
        <speed>0.000</speed>
      </trkpt>
      <trkpt lat="48.32134850" lon="16.05331483">
        <time>2026-03-02T21:24:20Z</time>
        <course>346.08</course>
        <speed>1.465</speed>
      </trkpt>
      <trkpt lat="48.32134850" lon="16.05331483">
        <time>2026-03-02T21:24:20Z</time>
        <course>0.00</course>
        <speed>0.000</speed>
      </trkpt>
      <trkpt lat="48.32136100" lon="16.05330933">
        <time>2026-03-02T21:24:21Z</time>
        <course>345.00</course>
        <speed>1.436</speed>
      </trkpt>
      <trkpt lat="48.32136100" lon="16.05330933">
        <time>2026-03-02T21:24:21Z</time>
        <course>0.00</course>
        <speed>0.000</speed>
      </trkpt>
      <trkpt lat="48.32137383" lon="16.05330300">
        <time>2026-03-02T21:24:22Z</time>
        <course>343.58</course>
        <speed>1.407</speed>
      </trkpt>
      <trkpt lat="48.32137383" lon="16.05330300">
        <time>2026-03-02T21:24:22Z</time>
        <course>0.00</course>
        <speed>0.000</speed>
      </trkpt>
      <trkpt lat="48.32138767" lon="16.05330033">
        <time>2026-03-02T21:24:23Z</time>
        <course>347.55</course>
        <speed>1.448</speed>
      </trkpt>
      <trkpt lat="48.32138767" lon="16.05330033">
        <time>2026-03-02T21:24:23Z</time>
        <course>0.00</course>
        <speed>0.000</speed>
      </trkpt>
      <trkpt lat="48.32139833" lon="16.05329783">
        <time>2026-03-02T21:24:24Z</time>
        <course>347.20</course>
        <speed>1.243</speed>
      </trkpt>
      <trkpt lat="48.32139833" lon="16.05329783">
        <time>2026-03-02T21:24:24Z</time>
        <course>0.00</course>
        <speed>0.000</speed>
      </trkpt>
      <trkpt lat="48.32141150" lon="16.05329400">
        <time>2026-03-02T21:24:25Z</time>
        <course>346.28</course>
        <speed>1.291</speed>
      </trkpt>
      <trkpt lat="48.32141150" lon="16.05329400">
        <time>2026-03-02T21:24:25Z</time>
        <course>0.00</course>
        <speed>0.000</speed>
      </trkpt>
      <trkpt lat="48.32142433" lon="16.05328850">
        <time>2026-03-02T21:24:26Z</time>
        <course>345.24</course>
        <speed>1.410</speed>
      </trkpt>
      <trkpt lat="48.32142433" lon="16.05328850">
        <time>2026-03-02T21:24:26Z</time>
        <course>0.00</course>
        <speed>0.000</speed>
      </trkpt>
      <trkpt lat="48.32143650" lon="16.05328367">
        <time>2026-03-02T21:24:27Z</time>
        <course>344.85</course>
        <speed>1.439</speed>
      </trkpt>
      <trkpt lat="48.32143650" lon="16.05328367">
        <time>2026-03-02T21:24:27Z</time>
        <course>0.00</course>
        <speed>0.000</speed>
      </trkpt>
      <trkpt lat="48.32144883" lon="16.05327767">
        <time>2026-03-02T21:24:28Z</time>
        <course>343.37</course>
        <speed>1.417</speed>
      </trkpt>
      <trkpt lat="48.32144883" lon="16.05327767">
        <time>2026-03-02T21:24:28Z</time>
        <course>0.00</course>
        <speed>0.000</speed>
      </trkpt>
      <trkpt lat="48.32146083" lon="16.05327083">
        <time>2026-03-02T21:24:29Z</time>
        <course>341.48</course>
        <speed>1.320</speed>
      </trkpt>
      <trkpt lat="48.32146083" lon="16.05327083">
        <time>2026-03-02T21:24:29Z</time>
        <course>0.00</course>
        <speed>0.000</speed>
      </trkpt>
      <trkpt lat="48.32147417" lon="16.05326500">
        <time>2026-03-02T21:24:30Z</time>
        <course>342.56</course>
        <speed>1.394</speed>
      </trkpt>
      <trkpt lat="48.32147417" lon="16.05326500">
        <time>2026-03-02T21:24:30Z</time>
        <course>0.00</course>
        <speed>0.000</speed>
      </trkpt>
      <trkpt lat="48.32148833" lon="16.05325933">
        <time>2026-03-02T21:24:31Z</time>
        <course>343.69</course>
        <speed>1.456</speed>
      </trkpt>
      <trkpt lat="48.32148833" lon="16.05325933">
        <time>2026-03-02T21:24:31Z</time>
        <course>0.00</course>
        <speed>0.000</speed>
      </trkpt>
      <trkpt lat="48.32150117" lon="16.05325567">
        <time>2026-03-02T21:24:32Z</time>
        <course>345.61</course>
        <speed>1.450</speed>
      </trkpt>
      <trkpt lat="48.32150117" lon="16.05325567">
        <time>2026-03-02T21:24:32Z</time>
        <course>0.00</course>
        <speed>0.000</speed>
      </trkpt>
      <trkpt lat="48.32151100" lon="16.05325200">
        <time>2026-03-02T21:24:33Z</time>
        <course>344.99</course>
        <speed>1.294</speed>
      </trkpt>
      <trkpt lat="48.32151100" lon="16.05325200">
        <time>2026-03-02T21:24:33Z</time>
        <course>0.00</course>
        <speed>0.000</speed>
      </trkpt>
      <trkpt lat="48.32152083" lon="16.05324867">
        <time>2026-03-02T21:24:34Z</time>
        <course>346.66</course>
        <speed>1.309</speed>
      </trkpt>
      <trkpt lat="48.32152083" lon="16.05324867">
        <time>2026-03-02T21:24:34Z</time>
        <course>0.00</course>
        <speed>0.000</speed>
      </trkpt>
      <trkpt lat="48.32153133" lon="16.05324567">
        <time>2026-03-02T21:24:35Z</time>
        <course>347.42</course>
        <speed>1.462</speed>
      </trkpt>
      <trkpt lat="48.32153133" lon="16.05324567">
        <time>2026-03-02T21:24:35Z</time>
        <course>0.00</course>
        <speed>0.000</speed>
      </trkpt>
      <trkpt lat="48.32154367" lon="16.05324217">
        <time>2026-03-02T21:24:36Z</time>
        <course>345.07</course>
        <speed>1.418</speed>
      </trkpt>
      <trkpt lat="48.32154367" lon="16.05324217">
        <time>2026-03-02T21:24:36Z</time>
        <course>0.00</course>
        <speed>0.000</speed>
      </trkpt>
      <trkpt lat="48.32155567" lon="16.05323650">
        <time>2026-03-02T21:24:37Z</time>
        <course>343.18</course>
        <speed>1.385</speed>
      </trkpt>
      <trkpt lat="48.32155567" lon="16.05323650">
        <time>2026-03-02T21:24:37Z</time>
        <course>0.00</course>
        <speed>0.000</speed>
      </trkpt>
      <trkpt lat="48.32156883" lon="16.05323200">
        <time>2026-03-02T21:24:38Z</time>
        <course>344.58</course>
        <speed>1.473</speed>
      </trkpt>
      <trkpt lat="48.32156883" lon="16.05323200">
        <time>2026-03-02T21:24:38Z</time>
        <course>0.00</course>
        <speed>0.000</speed>
      </trkpt>
      <trkpt lat="48.32158183" lon="16.05322933">
        <time>2026-03-02T21:24:39Z</time>
        <course>348.83</course>
        <speed>1.483</speed>
      </trkpt>
      <trkpt lat="48.32158183" lon="16.05322933">
        <time>2026-03-02T21:24:39Z</time>
        <course>0.00</course>
        <speed>0.000</speed>
      </trkpt>
      <trkpt lat="48.32159467" lon="16.05322517">
        <time>2026-03-02T21:24:40Z</time>
        <course>348.67</course>
        <speed>1.440</speed>
      </trkpt>
      <trkpt lat="48.32159467" lon="16.05322517">
        <time>2026-03-02T21:24:40Z</time>
        <course>0.00</course>
        <speed>0.000</speed>
      </trkpt>
      <trkpt lat="48.32160617" lon="16.05321967">
        <time>2026-03-02T21:24:41Z</time>
        <course>346.53</course>
        <speed>1.290</speed>
      </trkpt>
      <trkpt lat="48.32160617" lon="16.05321967">
        <time>2026-03-02T21:24:41Z</time>
        <course>0.00</course>
        <speed>0.000</speed>
      </trkpt>
      <trkpt lat="48.32161783" lon="16.05321567">
        <time>2026-03-02T21:24:42Z</time>
        <course>346.43</course>
        <speed>1.290</speed>
      </trkpt>
      <trkpt lat="48.32161783" lon="16.05321567">
        <time>2026-03-02T21:24:42Z</time>
        <course>0.00</course>
        <speed>0.000</speed>
      </trkpt>
      <trkpt lat="48.32162933" lon="16.05321000">
        <time>2026-03-02T21:24:43Z</time>
        <course>344.19</course>
        <speed>1.297</speed>
      </trkpt>
      <trkpt lat="48.32162933" lon="16.05321000">
        <time>2026-03-02T21:24:43Z</time>
        <course>0.00</course>
        <speed>0.000</speed>
      </trkpt>
      <trkpt lat="48.32164267" lon="16.05320483">
        <time>2026-03-02T21:24:44Z</time>
        <course>342.21</course>
        <speed>1.474</speed>
      </trkpt>
      <trkpt lat="48.32164267" lon="16.05320483">
        <time>2026-03-02T21:24:44Z</time>
        <course>0.00</course>
        <speed>0.000</speed>
      </trkpt>
      <trkpt lat="48.32165417" lon="16.05320017">
        <time>2026-03-02T21:24:45Z</time>
        <course>339.28</course>
        <speed>1.379</speed>
      </trkpt>
      <trkpt lat="48.32165417" lon="16.05320017">
        <time>2026-03-02T21:24:45Z</time>
        <course>0.00</course>
        <speed>0.000</speed>
      </trkpt>
      <trkpt lat="48.32166800" lon="16.05319533">
        <time>2026-03-02T21:24:46Z</time>
        <course>342.63</course>
        <speed>1.528</speed>
      </trkpt>
      <trkpt lat="48.32166800" lon="16.05319533">
        <time>2026-03-02T21:24:46Z</time>
        <course>0.00</course>
        <speed>0.000</speed>
      </trkpt>
      <trkpt lat="48.32168183" lon="16.05319300">
        <time>2026-03-02T21:24:47Z</time>
        <course>347.14</course>
        <speed>1.451</speed>
      </trkpt>
      <trkpt lat="48.32168183" lon="16.05319300">
        <time>2026-03-02T21:24:47Z</time>
        <course>0.00</course>
        <speed>0.000</speed>
      </trkpt>
      <trkpt lat="48.32169517" lon="16.05319017">
        <time>2026-03-02T21:24:48Z</time>
        <course>347.24</course>
        <speed>1.445</speed>
      </trkpt>
      <trkpt lat="48.32169517" lon="16.05319017">
        <time>2026-03-02T21:24:48Z</time>
        <course>0.00</course>
        <speed>0.000</speed>
      </trkpt>
      <trkpt lat="48.32170800" lon="16.05318583">
        <time>2026-03-02T21:24:49Z</time>
        <course>347.00</course>
        <speed>1.450</speed>
      </trkpt>
      <trkpt lat="48.32170800" lon="16.05318583">
        <time>2026-03-02T21:24:49Z</time>
        <course>0.00</course>
        <speed>0.000</speed>
      </trkpt>
      <trkpt lat="48.32172067" lon="16.05318117">
        <time>2026-03-02T21:24:50Z</time>
        <course>345.94</course>
        <speed>1.403</speed>
      </trkpt>
      <trkpt lat="48.32172067" lon="16.05318117">
        <time>2026-03-02T21:24:50Z</time>
        <course>0.00</course>
        <speed>0.000</speed>
      </trkpt>
      <trkpt lat="48.32173567" lon="16.05317633">
        <time>2026-03-02T21:24:51Z</time>
        <course>343.85</course>
        <speed>1.607</speed>
      </trkpt>
      <trkpt lat="48.32173567" lon="16.05317633">
        <time>2026-03-02T21:24:51Z</time>
        <course>0.00</course>
        <speed>0.000</speed>
      </trkpt>
      <trkpt lat="48.32174700" lon="16.05317100">
        <time>2026-03-02T21:24:52Z</time>
        <course>343.74</course>
        <speed>1.360</speed>
      </trkpt>
      <trkpt lat="48.32174700" lon="16.05317100">
        <time>2026-03-02T21:24:52Z</time>
        <course>0.00</course>
        <speed>0.000</speed>
      </trkpt>
      <trkpt lat="48.32176000" lon="16.05316600">
        <time>2026-03-02T21:24:53Z</time>
        <course>347.13</course>
        <speed>1.416</speed>
      </trkpt>
      <trkpt lat="48.32176000" lon="16.05316600">
        <time>2026-03-02T21:24:53Z</time>
        <course>0.00</course>
        <speed>0.000</speed>
      </trkpt>
      <trkpt lat="48.32177350" lon="16.05316117">
        <time>2026-03-02T21:24:54Z</time>
        <course>346.85</course>
        <speed>1.446</speed>
      </trkpt>
      <trkpt lat="48.32177350" lon="16.05316117">
        <time>2026-03-02T21:24:54Z</time>
        <course>0.00</course>
        <speed>0.000</speed>
      </trkpt>
      <trkpt lat="48.32178583" lon="16.05315917">
        <time>2026-03-02T21:24:55Z</time>
        <course>350.50</course>
        <speed>1.246</speed>
      </trkpt>
      <trkpt lat="48.32178583" lon="16.05315917">
        <time>2026-03-02T21:24:55Z</time>
        <course>0.00</course>
        <speed>0.000</speed>
      </trkpt>
      <trkpt lat="48.32179833" lon="16.05315683">
        <time>2026-03-02T21:24:56Z</time>
        <course>350.29</course>
        <speed>1.308</speed>
      </trkpt>
      <trkpt lat="48.32179833" lon="16.05315683">
        <time>2026-03-02T21:24:56Z</time>
        <course>0.00</course>
        <speed>0.000</speed>
      </trkpt>
      <trkpt lat="48.32180983" lon="16.05315067">
        <time>2026-03-02T21:24:57Z</time>
        <course>343.41</course>
        <speed>1.377</speed>
      </trkpt>
      <trkpt lat="48.32180983" lon="16.05315067">
        <time>2026-03-02T21:24:57Z</time>
        <course>0.00</course>
        <speed>0.000</speed>
      </trkpt>
      <trkpt lat="48.32182267" lon="16.05314567">
        <time>2026-03-02T21:24:58Z</time>
        <course>344.90</course>
        <speed>1.508</speed>
      </trkpt>
      <trkpt lat="48.32182267" lon="16.05314567">
        <time>2026-03-02T21:24:58Z</time>
        <course>0.00</course>
        <speed>0.000</speed>
      </trkpt>
      <trkpt lat="48.32183400" lon="16.05314250">
        <time>2026-03-02T21:24:59Z</time>
        <course>344.08</course>
        <speed>1.467</speed>
      </trkpt>
      <trkpt lat="48.32183400" lon="16.05314250">
        <time>2026-03-02T21:24:59Z</time>
        <course>0.00</course>
        <speed>0.000</speed>
      </trkpt>
      <trkpt lat="48.32184600" lon="16.05313767">
        <time>2026-03-02T21:25:00Z</time>
        <course>345.84</course>
        <speed>1.516</speed>
      </trkpt>
      <trkpt lat="48.32184600" lon="16.05313767">
        <time>2026-03-02T21:25:00Z</time>
        <course>0.00</course>
        <speed>0.000</speed>
      </trkpt>
      <trkpt lat="48.32185867" lon="16.05313150">
        <time>2026-03-02T21:25:01Z</time>
        <course>343.57</course>
        <speed>1.284</speed>
      </trkpt>
      <trkpt lat="48.32185867" lon="16.05313150">
        <time>2026-03-02T21:25:01Z</time>
        <course>0.00</course>
        <speed>0.000</speed>
      </trkpt>
      <trkpt lat="48.32187433" lon="16.05312683">
        <time>2026-03-02T21:25:02Z</time>
        <course>344.58</course>
        <speed>1.543</speed>
      </trkpt>
      <trkpt lat="48.32187433" lon="16.05312683">
        <time>2026-03-02T21:25:02Z</time>
        <course>0.00</course>
        <speed>0.000</speed>
      </trkpt>
      <trkpt lat="48.32188700" lon="16.05312400">
        <time>2026-03-02T21:25:03Z</time>
        <course>348.06</course>
        <speed>1.390</speed>
      </trkpt>
      <trkpt lat="48.32188700" lon="16.05312400">
        <time>2026-03-02T21:25:03Z</time>
        <course>0.00</course>
        <speed>0.000</speed>
      </trkpt>
      <trkpt lat="48.32190117" lon="16.05311983">
        <time>2026-03-02T21:25:04Z</time>
        <course>347.86</course>
        <speed>1.338</speed>
      </trkpt>
      <trkpt lat="48.32190117" lon="16.05311983">
        <time>2026-03-02T21:25:04Z</time>
        <course>0.00</course>
        <speed>0.000</speed>
      </trkpt>
      <trkpt lat="48.32191433" lon="16.05311467">
        <time>2026-03-02T21:25:05Z</time>
        <course>346.83</course>
        <speed>1.518</speed>
      </trkpt>
      <trkpt lat="48.32191433" lon="16.05311467">
        <time>2026-03-02T21:25:05Z</time>
        <course>0.00</course>
        <speed>0.000</speed>
      </trkpt>
      <trkpt lat="48.32192767" lon="16.05311033">
        <time>2026-03-02T21:25:06Z</time>
        <course>347.14</course>
        <speed>1.583</speed>
      </trkpt>
      <trkpt lat="48.32192767" lon="16.05311033">
        <time>2026-03-02T21:25:06Z</time>
        <course>0.00</course>
        <speed>0.000</speed>
      </trkpt>
      <trkpt lat="48.32194117" lon="16.05310650">
        <time>2026-03-02T21:25:07Z</time>
        <course>348.47</course>
        <speed>1.437</speed>
      </trkpt>
      <trkpt lat="48.32194117" lon="16.05310650">
        <time>2026-03-02T21:25:07Z</time>
        <course>0.00</course>
        <speed>0.000</speed>
      </trkpt>
      <trkpt lat="48.32195400" lon="16.05310133">
        <time>2026-03-02T21:25:08Z</time>
        <course>347.26</course>
        <speed>1.438</speed>
      </trkpt>
      <trkpt lat="48.32195400" lon="16.05310133">
        <time>2026-03-02T21:25:08Z</time>
        <course>0.00</course>
        <speed>0.000</speed>
      </trkpt>
      <trkpt lat="48.32196800" lon="16.05309633">
        <time>2026-03-02T21:25:09Z</time>
        <course>347.01</course>
        <speed>1.548</speed>
      </trkpt>
      <trkpt lat="48.32196800" lon="16.05309633">
        <time>2026-03-02T21:25:09Z</time>
        <course>0.00</course>
        <speed>0.000</speed>
      </trkpt>
      <trkpt lat="48.32198167" lon="16.05308917">
        <time>2026-03-02T21:25:10Z</time>
        <course>344.47</course>
        <speed>1.494</speed>
      </trkpt>
      <trkpt lat="48.32198167" lon="16.05308917">
        <time>2026-03-02T21:25:10Z</time>
        <course>0.00</course>
        <speed>0.000</speed>
      </trkpt>
      <trkpt lat="48.32199517" lon="16.05308517">
        <time>2026-03-02T21:25:11Z</time>
        <course>348.40</course>
        <speed>1.518</speed>
      </trkpt>
      <trkpt lat="48.32199517" lon="16.05308517">
        <time>2026-03-02T21:25:11Z</time>
        <course>0.00</course>
        <speed>0.000</speed>
      </trkpt>
      <trkpt lat="48.32200833" lon="16.05308467">
        <time>2026-03-02T21:25:12Z</time>
        <course>350.43</course>
        <speed>1.528</speed>
      </trkpt>
      <trkpt lat="48.32200833" lon="16.05308467">
        <time>2026-03-02T21:25:12Z</time>
        <course>0.00</course>
        <speed>0.000</speed>
      </trkpt>
      <trkpt lat="48.32202050" lon="16.05308017">
        <time>2026-03-02T21:25:13Z</time>
        <course>349.39</course>
        <speed>1.250</speed>
      </trkpt>
      <trkpt lat="48.32202050" lon="16.05308017">
        <time>2026-03-02T21:25:13Z</time>
        <course>0.00</course>
        <speed>0.000</speed>
      </trkpt>
      <trkpt lat="48.32203250" lon="16.05307517">
        <time>2026-03-02T21:25:14Z</time>
        <course>348.35</course>
        <speed>1.301</speed>
      </trkpt>
      <trkpt lat="48.32203250" lon="16.05307517">
        <time>2026-03-02T21:25:14Z</time>
        <course>0.00</course>
        <speed>0.000</speed>
      </trkpt>
      <trkpt lat="48.32204383" lon="16.05307050">
        <time>2026-03-02T21:25:15Z</time>
        <course>347.64</course>
        <speed>1.422</speed>
      </trkpt>
      <trkpt lat="48.32204383" lon="16.05307050">
        <time>2026-03-02T21:25:15Z</time>
        <course>0.00</course>
        <speed>0.000</speed>
      </trkpt>
      <trkpt lat="48.32205483" lon="16.05306767">
        <time>2026-03-02T21:25:16Z</time>
        <course>345.00</course>
        <speed>1.393</speed>
      </trkpt>
      <trkpt lat="48.32205483" lon="16.05306767">
        <time>2026-03-02T21:25:16Z</time>
        <course>0.00</course>
        <speed>0.000</speed>
      </trkpt>
      <trkpt lat="48.32206900" lon="16.05306650">
        <time>2026-03-02T21:25:17Z</time>
        <course>344.35</course>
        <speed>1.450</speed>
      </trkpt>
      <trkpt lat="48.32206900" lon="16.05306650">
        <time>2026-03-02T21:25:17Z</time>
        <course>0.00</course>
        <speed>0.000</speed>
      </trkpt>
      <trkpt lat="48.32208133" lon="16.05306400">
        <time>2026-03-02T21:25:18Z</time>
        <course>348.00</course>
        <speed>1.349</speed>
      </trkpt>
      <trkpt lat="48.32208133" lon="16.05306400">
        <time>2026-03-02T21:25:18Z</time>
        <course>0.00</course>
        <speed>0.000</speed>
      </trkpt>
      <trkpt lat="48.32209200" lon="16.05306367">
        <time>2026-03-02T21:25:19Z</time>
        <course>347.54</course>
        <speed>1.385</speed>
      </trkpt>
      <trkpt lat="48.32209200" lon="16.05306367">
        <time>2026-03-02T21:25:19Z</time>
        <course>0.00</course>
        <speed>0.000</speed>
      </trkpt>
      <trkpt lat="48.32210283" lon="16.05305917">
        <time>2026-03-02T21:25:20Z</time>
        <course>346.99</course>
        <speed>1.144</speed>
      </trkpt>
      <trkpt lat="48.32210283" lon="16.05305917">
        <time>2026-03-02T21:25:20Z</time>
        <course>0.00</course>
        <speed>0.000</speed>
      </trkpt>
      <trkpt lat="48.32211400" lon="16.05305683">
        <time>2026-03-02T21:25:21Z</time>
        <course>347.46</course>
        <speed>1.284</speed>
      </trkpt>
      <trkpt lat="48.32211400" lon="16.05305683">
        <time>2026-03-02T21:25:21Z</time>
        <course>0.00</course>
        <speed>0.000</speed>
      </trkpt>
      <trkpt lat="48.32212450" lon="16.05305400">
        <time>2026-03-02T21:25:22Z</time>
        <course>348.67</course>
        <speed>1.312</speed>
      </trkpt>
      <trkpt lat="48.32212450" lon="16.05305400">
        <time>2026-03-02T21:25:22Z</time>
        <course>0.00</course>
        <speed>0.000</speed>
      </trkpt>
      <trkpt lat="48.32213150" lon="16.05304917">
        <time>2026-03-02T21:25:23Z</time>
        <course>345.99</course>
        <speed>1.182</speed>
      </trkpt>
      <trkpt lat="48.32213150" lon="16.05304917">
        <time>2026-03-02T21:25:23Z</time>
        <course>0.00</course>
        <speed>0.000</speed>
      </trkpt>
      <trkpt lat="48.32214333" lon="16.05304300">
        <time>2026-03-02T21:25:24Z</time>
        <course>344.76</course>
        <speed>1.247</speed>
      </trkpt>
      <trkpt lat="48.32214333" lon="16.05304300">
        <time>2026-03-02T21:25:24Z</time>
        <course>0.00</course>
        <speed>0.000</speed>
      </trkpt>
      <trkpt lat="48.32215850" lon="16.05303517">
        <time>2026-03-02T21:25:25Z</time>
        <course>342.73</course>
        <speed>1.551</speed>
      </trkpt>
      <trkpt lat="48.32215850" lon="16.05303517">
        <time>2026-03-02T21:25:25Z</time>
        <course>0.00</course>
        <speed>0.000</speed>
      </trkpt>
      <trkpt lat="48.32217117" lon="16.05303017">
        <time>2026-03-02T21:25:26Z</time>
        <course>345.68</course>
        <speed>1.382</speed>
      </trkpt>
      <trkpt lat="48.32217117" lon="16.05303017">
        <time>2026-03-02T21:25:26Z</time>
        <course>0.00</course>
        <speed>0.000</speed>
      </trkpt>
      <trkpt lat="48.32218183" lon="16.05302450">
        <time>2026-03-02T21:25:27Z</time>
        <course>346.86</course>
        <speed>1.188</speed>
      </trkpt>
      <trkpt lat="48.32218183" lon="16.05302450">
        <time>2026-03-02T21:25:27Z</time>
        <course>0.00</course>
        <speed>0.000</speed>
      </trkpt>
      <trkpt lat="48.32218900" lon="16.05302083">
        <time>2026-03-02T21:25:28Z</time>
        <course>346.80</course>
        <speed>1.233</speed>
      </trkpt>
      <trkpt lat="48.32218900" lon="16.05302083">
        <time>2026-03-02T21:25:28Z</time>
        <course>0.00</course>
        <speed>0.000</speed>
      </trkpt>
      <trkpt lat="48.32219617" lon="16.05302067">
        <time>2026-03-02T21:25:29Z</time>
        <course>348.96</course>
        <speed>0.901</speed>
      </trkpt>
      <trkpt lat="48.32219617" lon="16.05302067">
        <time>2026-03-02T21:25:29Z</time>
        <course>0.00</course>
        <speed>0.000</speed>
      </trkpt>
      <trkpt lat="48.32220600" lon="16.05301733">
        <time>2026-03-02T21:25:30Z</time>
        <course>344.48</course>
        <speed>1.250</speed>
      </trkpt>
      <trkpt lat="48.32220600" lon="16.05301733">
        <time>2026-03-02T21:25:30Z</time>
        <course>0.00</course>
        <speed>0.000</speed>
      </trkpt>
      <trkpt lat="48.32221667" lon="16.05301300">
        <time>2026-03-02T21:25:31Z</time>
        <course>345.44</course>
        <speed>1.144</speed>
      </trkpt>
      <trkpt lat="48.32221667" lon="16.05301300">
        <time>2026-03-02T21:25:31Z</time>
        <course>0.00</course>
        <speed>0.000</speed>
      </trkpt>
      <trkpt lat="48.32222617" lon="16.05301167">
        <time>2026-03-02T21:25:32Z</time>
        <course>350.04</course>
        <speed>1.168</speed>
      </trkpt>
      <trkpt lat="48.32222617" lon="16.05301167">
        <time>2026-03-02T21:25:32Z</time>
        <course>0.00</course>
        <speed>0.000</speed>
      </trkpt>
      <trkpt lat="48.32223400" lon="16.05300733">
        <time>2026-03-02T21:25:33Z</time>
        <course>0.00</course>
        <speed>0.984</speed>
      </trkpt>
      <trkpt lat="48.32223400" lon="16.05300733">
        <time>2026-03-02T21:25:33Z</time>
        <course>0.00</course>
        <speed>0.000</speed>
      </trkpt>
      <trkpt lat="48.32224650" lon="16.05300217">
        <time>2026-03-02T21:25:34Z</time>
        <course>348.37</course>
        <speed>1.486</speed>
      </trkpt>
      <trkpt lat="48.32224650" lon="16.05300217">
        <time>2026-03-02T21:25:34Z</time>
        <course>0.00</course>
        <speed>0.000</speed>
      </trkpt>
      <trkpt lat="48.32225750" lon="16.05299617">
        <time>2026-03-02T21:25:35Z</time>
        <course>346.27</course>
        <speed>1.297</speed>
      </trkpt>
      <trkpt lat="48.32225750" lon="16.05299617">
        <time>2026-03-02T21:25:35Z</time>
        <course>0.00</course>
        <speed>0.000</speed>
      </trkpt>
      <trkpt lat="48.32226967" lon="16.05299167">
        <time>2026-03-02T21:25:36Z</time>
        <course>346.66</course>
        <speed>1.259</speed>
      </trkpt>
      <trkpt lat="48.32226967" lon="16.05299167">
        <time>2026-03-02T21:25:36Z</time>
        <course>0.00</course>
        <speed>0.000</speed>
      </trkpt>
      <trkpt lat="48.32228217" lon="16.05298617">
        <time>2026-03-02T21:25:37Z</time>
        <course>345.24</course>
        <speed>1.358</speed>
      </trkpt>
      <trkpt lat="48.32228217" lon="16.05298617">
        <time>2026-03-02T21:25:37Z</time>
        <course>0.00</course>
        <speed>0.000</speed>
      </trkpt>
      <trkpt lat="48.32229517" lon="16.05298333">
        <time>2026-03-02T21:25:38Z</time>
        <course>347.45</course>
        <speed>1.474</speed>
      </trkpt>
      <trkpt lat="48.32229517" lon="16.05298333">
        <time>2026-03-02T21:25:38Z</time>
        <course>0.00</course>
        <speed>0.000</speed>
      </trkpt>
      <trkpt lat="48.32230750" lon="16.05298033">
        <time>2026-03-02T21:25:39Z</time>
        <course>349.22</course>
        <speed>1.340</speed>
      </trkpt>
      <trkpt lat="48.32230750" lon="16.05298033">
        <time>2026-03-02T21:25:39Z</time>
        <course>0.00</course>
        <speed>0.000</speed>
      </trkpt>
      <trkpt lat="48.32231817" lon="16.05297850">
        <time>2026-03-02T21:25:40Z</time>
        <course>351.79</course>
        <speed>1.063</speed>
      </trkpt>
      <trkpt lat="48.32231817" lon="16.05297850">
        <time>2026-03-02T21:25:40Z</time>
        <course>0.00</course>
        <speed>0.000</speed>
      </trkpt>
      <trkpt lat="48.32232850" lon="16.05297583">
        <time>2026-03-02T21:25:41Z</time>
        <course>349.62</course>
        <speed>1.023</speed>
      </trkpt>
      <trkpt lat="48.32232850" lon="16.05297583">
        <time>2026-03-02T21:25:41Z</time>
        <course>0.00</course>
        <speed>0.000</speed>
      </trkpt>
      <trkpt lat="48.32234017" lon="16.05297083">
        <time>2026-03-02T21:25:42Z</time>
        <course>344.63</course>
        <speed>1.201</speed>
      </trkpt>
      <trkpt lat="48.32234017" lon="16.05297083">
        <time>2026-03-02T21:25:42Z</time>
        <course>0.00</course>
        <speed>0.000</speed>
      </trkpt>
      <trkpt lat="48.32235200" lon="16.05296617">
        <time>2026-03-02T21:25:43Z</time>
        <course>344.36</course>
        <speed>1.304</speed>
      </trkpt>
      <trkpt lat="48.32235200" lon="16.05296617">
        <time>2026-03-02T21:25:43Z</time>
        <course>0.00</course>
        <speed>0.000</speed>
      </trkpt>
      <trkpt lat="48.32236533" lon="16.05296117">
        <time>2026-03-02T21:25:44Z</time>
        <course>343.05</course>
        <speed>1.233</speed>
      </trkpt>
      <trkpt lat="48.32236533" lon="16.05296117">
        <time>2026-03-02T21:25:44Z</time>
        <course>0.00</course>
        <speed>0.000</speed>
      </trkpt>
      <trkpt lat="48.32237617" lon="16.05295717">
        <time>2026-03-02T21:25:45Z</time>
        <course>345.22</course>
        <speed>1.159</speed>
      </trkpt>
      <trkpt lat="48.32237617" lon="16.05295717">
        <time>2026-03-02T21:25:45Z</time>
        <course>0.00</course>
        <speed>0.000</speed>
      </trkpt>
      <trkpt lat="48.32238550" lon="16.05295400">
        <time>2026-03-02T21:25:46Z</time>
        <course>345.22</course>
        <speed>0.994</speed>
      </trkpt>
      <trkpt lat="48.32238550" lon="16.05295400">
        <time>2026-03-02T21:25:46Z</time>
        <course>0.00</course>
        <speed>0.000</speed>
      </trkpt>
      <trkpt lat="48.32239617" lon="16.05294917">
        <time>2026-03-02T21:25:47Z</time>
        <course>341.52</course>
        <speed>1.173</speed>
      </trkpt>
      <trkpt lat="48.32239617" lon="16.05294917">
        <time>2026-03-02T21:25:47Z</time>
        <course>0.00</course>
        <speed>0.000</speed>
      </trkpt>
      <trkpt lat="48.32240867" lon="16.05294150">
        <time>2026-03-02T21:25:48Z</time>
        <course>334.38</course>
        <speed>1.464</speed>
      </trkpt>
      <trkpt lat="48.32240867" lon="16.05294150">
        <time>2026-03-02T21:25:48Z</time>
        <course>0.00</course>
        <speed>0.000</speed>
      </trkpt>
      <trkpt lat="48.32241883" lon="16.05293283">
        <time>2026-03-02T21:25:49Z</time>
        <course>328.98</course>
        <speed>1.316</speed>
      </trkpt>
      <trkpt lat="48.32241883" lon="16.05293283">
        <time>2026-03-02T21:25:49Z</time>
        <course>0.00</course>
        <speed>0.000</speed>
      </trkpt>
      <trkpt lat="48.32242967" lon="16.05292083">
        <time>2026-03-02T21:25:50Z</time>
        <course>323.85</course>
        <speed>1.448</speed>
      </trkpt>
      <trkpt lat="48.32242967" lon="16.05292083">
        <time>2026-03-02T21:25:50Z</time>
        <course>0.00</course>
        <speed>0.000</speed>
      </trkpt>
      <trkpt lat="48.32243717" lon="16.05290967">
        <time>2026-03-02T21:25:51Z</time>
        <course>316.70</course>
        <speed>1.418</speed>
      </trkpt>
      <trkpt lat="48.32243717" lon="16.05290967">
        <time>2026-03-02T21:25:51Z</time>
        <course>0.00</course>
        <speed>0.000</speed>
      </trkpt>
      <trkpt lat="48.32244383" lon="16.05289450">
        <time>2026-03-02T21:25:52Z</time>
        <course>311.30</course>
        <speed>1.306</speed>
      </trkpt>
      <trkpt lat="48.32244383" lon="16.05289450">
        <time>2026-03-02T21:25:52Z</time>
        <course>0.00</course>
        <speed>0.000</speed>
      </trkpt>
      <trkpt lat="48.32244700" lon="16.05287933">
        <time>2026-03-02T21:25:53Z</time>
        <course>300.94</course>
        <speed>1.404</speed>
      </trkpt>
      <trkpt lat="48.32244700" lon="16.05287933">
        <time>2026-03-02T21:25:53Z</time>
        <course>0.00</course>
        <speed>0.000</speed>
      </trkpt>
      <trkpt lat="48.32244967" lon="16.05286100">
        <time>2026-03-02T21:25:54Z</time>
        <course>287.24</course>
        <speed>1.482</speed>
      </trkpt>
      <trkpt lat="48.32244967" lon="16.05286100">
        <time>2026-03-02T21:25:54Z</time>
        <course>0.00</course>
        <speed>0.000</speed>
      </trkpt>
      <trkpt lat="48.32245000" lon="16.05284017">
        <time>2026-03-02T21:25:55Z</time>
        <course>283.29</course>
        <speed>1.623</speed>
      </trkpt>
      <trkpt lat="48.32245000" lon="16.05284017">
        <time>2026-03-02T21:25:55Z</time>
        <course>0.00</course>
        <speed>0.000</speed>
      </trkpt>
      <trkpt lat="48.32244967" lon="16.05282117">
        <time>2026-03-02T21:25:56Z</time>
        <course>278.66</course>
        <speed>1.349</speed>
      </trkpt>
      <trkpt lat="48.32244967" lon="16.05282117">
        <time>2026-03-02T21:25:56Z</time>
        <course>0.00</course>
        <speed>0.000</speed>
      </trkpt>
      <trkpt lat="48.32244917" lon="16.05280417">
        <time>2026-03-02T21:25:57Z</time>
        <course>272.63</course>
        <speed>1.321</speed>
      </trkpt>
      <trkpt lat="48.32244917" lon="16.05280417">
        <time>2026-03-02T21:25:57Z</time>
        <course>0.00</course>
        <speed>0.000</speed>
      </trkpt>
      <trkpt lat="48.32244833" lon="16.05278550">
        <time>2026-03-02T21:25:58Z</time>
        <course>268.98</course>
        <speed>1.506</speed>
      </trkpt>
      <trkpt lat="48.32244833" lon="16.05278550">
        <time>2026-03-02T21:25:58Z</time>
        <course>0.00</course>
        <speed>0.000</speed>
      </trkpt>
      <trkpt lat="48.32244633" lon="16.05276700">
        <time>2026-03-02T21:25:59Z</time>
        <course>265.73</course>
        <speed>1.403</speed>
      </trkpt>
      <trkpt lat="48.32244633" lon="16.05276700">
        <time>2026-03-02T21:25:59Z</time>
        <course>0.00</course>
        <speed>0.000</speed>
      </trkpt>
      <trkpt lat="48.32244483" lon="16.05275000">
        <time>2026-03-02T21:26:00Z</time>
        <course>265.36</course>
        <speed>1.332</speed>
      </trkpt>
      <trkpt lat="48.32244483" lon="16.05275000">
        <time>2026-03-02T21:26:00Z</time>
        <course>0.00</course>
        <speed>0.000</speed>
      </trkpt>
      <trkpt lat="48.32244467" lon="16.05273217">
        <time>2026-03-02T21:26:01Z</time>
        <course>268.59</course>
        <speed>1.387</speed>
      </trkpt>
      <trkpt lat="48.32244467" lon="16.05273217">
        <time>2026-03-02T21:26:01Z</time>
        <course>0.00</course>
        <speed>0.000</speed>
      </trkpt>
      <trkpt lat="48.32244433" lon="16.05271433">
        <time>2026-03-02T21:26:02Z</time>
        <course>267.31</course>
        <speed>1.365</speed>
      </trkpt>
      <trkpt lat="48.32244433" lon="16.05271433">
        <time>2026-03-02T21:26:02Z</time>
        <course>0.00</course>
        <speed>0.000</speed>
      </trkpt>
      <trkpt lat="48.32244500" lon="16.05269817">
        <time>2026-03-02T21:26:03Z</time>
        <course>269.10</course>
        <speed>1.199</speed>
      </trkpt>
      <trkpt lat="48.32244500" lon="16.05269817">
        <time>2026-03-02T21:26:03Z</time>
        <course>0.00</course>
        <speed>0.000</speed>
      </trkpt>
      <trkpt lat="48.32244350" lon="16.05268617">
        <time>2026-03-02T21:26:04Z</time>
        <course>0.00</course>
        <speed>0.865</speed>
      </trkpt>
      <trkpt lat="48.32244350" lon="16.05268617">
        <time>2026-03-02T21:26:04Z</time>
        <course>0.00</course>
        <speed>0.000</speed>
      </trkpt>
      <trkpt lat="48.32244183" lon="16.05267500">
        <time>2026-03-02T21:26:05Z</time>
        <course>263.60</course>
        <speed>0.890</speed>
      </trkpt>
      <trkpt lat="48.32244183" lon="16.05267500">
        <time>2026-03-02T21:26:05Z</time>
        <course>0.00</course>
        <speed>0.000</speed>
      </trkpt>
      <trkpt lat="48.32244133" lon="16.05266217">
        <time>2026-03-02T21:26:06Z</time>
        <course>266.73</course>
        <speed>0.857</speed>
      </trkpt>
      <trkpt lat="48.32244133" lon="16.05266217">
        <time>2026-03-02T21:26:06Z</time>
        <course>0.00</course>
        <speed>0.000</speed>
      </trkpt>
      <trkpt lat="48.32244100" lon="16.05265250">
        <time>2026-03-02T21:26:07Z</time>
        <course>265.10</course>
        <speed>0.706</speed>
      </trkpt>
      <trkpt lat="48.32244100" lon="16.05265250">
        <time>2026-03-02T21:26:07Z</time>
        <course>0.00</course>
        <speed>0.000</speed>
      </trkpt>
      <trkpt lat="48.32243950" lon="16.05264067">
        <time>2026-03-02T21:26:08Z</time>
        <course>260.92</course>
        <speed>0.918</speed>
      </trkpt>
      <trkpt lat="48.32243950" lon="16.05264067">
        <time>2026-03-02T21:26:08Z</time>
        <course>0.00</course>
        <speed>0.000</speed>
      </trkpt>
      <trkpt lat="48.32243767" lon="16.05262683">
        <time>2026-03-02T21:26:09Z</time>
        <course>254.78</course>
        <speed>1.085</speed>
      </trkpt>
      <trkpt lat="48.32243767" lon="16.05262683">
        <time>2026-03-02T21:26:09Z</time>
        <course>0.00</course>
        <speed>0.000</speed>
      </trkpt>
      <trkpt lat="48.32243583" lon="16.05261033">
        <time>2026-03-02T21:26:10Z</time>
        <course>260.69</course>
        <speed>1.285</speed>
      </trkpt>
      <trkpt lat="48.32243583" lon="16.05261033">
        <time>2026-03-02T21:26:10Z</time>
        <course>0.00</course>
        <speed>0.000</speed>
      </trkpt>
      <trkpt lat="48.32243550" lon="16.05259233">
        <time>2026-03-02T21:26:11Z</time>
        <course>262.72</course>
        <speed>1.305</speed>
      </trkpt>
      <trkpt lat="48.32243550" lon="16.05259233">
        <time>2026-03-02T21:26:11Z</time>
        <course>0.00</course>
        <speed>0.000</speed>
      </trkpt>
      <trkpt lat="48.32243433" lon="16.05257417">
        <time>2026-03-02T21:26:12Z</time>
        <course>262.27</course>
        <speed>1.301</speed>
      </trkpt>
      <trkpt lat="48.32243433" lon="16.05257417">
        <time>2026-03-02T21:26:12Z</time>
        <course>0.00</course>
        <speed>0.000</speed>
      </trkpt>
      <trkpt lat="48.32243250" lon="16.05255817">
        <time>2026-03-02T21:26:13Z</time>
        <course>265.35</course>
        <speed>1.224</speed>
      </trkpt>
      <trkpt lat="48.32243250" lon="16.05255817">
        <time>2026-03-02T21:26:13Z</time>
        <course>0.00</course>
        <speed>0.000</speed>
      </trkpt>
      <trkpt lat="48.32243150" lon="16.05254100">
        <time>2026-03-02T21:26:14Z</time>
        <course>263.87</course>
        <speed>1.357</speed>
      </trkpt>
      <trkpt lat="48.32243150" lon="16.05254100">
        <time>2026-03-02T21:26:14Z</time>
        <course>0.00</course>
        <speed>0.000</speed>
      </trkpt>
      <trkpt lat="48.32243033" lon="16.05252467">
        <time>2026-03-02T21:26:15Z</time>
        <course>265.95</course>
        <speed>1.219</speed>
      </trkpt>
      <trkpt lat="48.32243033" lon="16.05252467">
        <time>2026-03-02T21:26:15Z</time>
        <course>0.00</course>
        <speed>0.000</speed>
      </trkpt>
      <trkpt lat="48.32242900" lon="16.05250733">
        <time>2026-03-02T21:26:16Z</time>
        <course>263.37</course>
        <speed>1.285</speed>
      </trkpt>
      <trkpt lat="48.32242900" lon="16.05250733">
        <time>2026-03-02T21:26:16Z</time>
        <course>0.00</course>
        <speed>0.000</speed>
      </trkpt>
      <trkpt lat="48.32242833" lon="16.05249050">
        <time>2026-03-02T21:26:17Z</time>
        <course>267.79</course>
        <speed>1.362</speed>
      </trkpt>
      <trkpt lat="48.32242833" lon="16.05249050">
        <time>2026-03-02T21:26:17Z</time>
        <course>0.00</course>
        <speed>0.000</speed>
      </trkpt>
      <trkpt lat="48.32242900" lon="16.05246933">
        <time>2026-03-02T21:26:18Z</time>
        <course>272.02</course>
        <speed>1.678</speed>
      </trkpt>
      <trkpt lat="48.32242900" lon="16.05246933">
        <time>2026-03-02T21:26:18Z</time>
        <course>0.00</course>
        <speed>0.000</speed>
      </trkpt>
      <trkpt lat="48.32243017" lon="16.05244867">
        <time>2026-03-02T21:26:19Z</time>
        <course>274.38</course>
        <speed>1.592</speed>
      </trkpt>
      <trkpt lat="48.32243017" lon="16.05244867">
        <time>2026-03-02T21:26:19Z</time>
        <course>0.00</course>
        <speed>0.000</speed>
      </trkpt>
      <trkpt lat="48.32243017" lon="16.05242933">
        <time>2026-03-02T21:26:20Z</time>
        <course>271.66</course>
        <speed>1.378</speed>
      </trkpt>
      <trkpt lat="48.32243017" lon="16.05242933">
        <time>2026-03-02T21:26:20Z</time>
        <course>0.00</course>
        <speed>0.000</speed>
      </trkpt>
      <trkpt lat="48.32242850" lon="16.05241267">
        <time>2026-03-02T21:26:21Z</time>
        <course>267.58</course>
        <speed>1.080</speed>
      </trkpt>
      <trkpt lat="48.32242850" lon="16.05241267">
        <time>2026-03-02T21:26:21Z</time>
        <course>0.00</course>
        <speed>0.000</speed>
      </trkpt>
      <trkpt lat="48.32242750" lon="16.05240750">
        <time>2026-03-02T21:26:22Z</time>
        <course>0.00</course>
        <speed>0.214</speed>
      </trkpt>
      <trkpt lat="48.32242750" lon="16.05240750">
        <time>2026-03-02T21:26:22Z</time>
        <course>0.00</course>
        <speed>0.000</speed>
      </trkpt>
      <trkpt lat="48.32242767" lon="16.05240483">
        <time>2026-03-02T21:26:23Z</time>
        <course>0.00</course>
        <speed>0.150</speed>
      </trkpt>
      <trkpt lat="48.32242767" lon="16.05240483">
        <time>2026-03-02T21:26:23Z</time>
        <course>0.00</course>
        <speed>0.000</speed>
      </trkpt>
      <trkpt lat="48.32242617" lon="16.05240100">
        <time>2026-03-02T21:26:24Z</time>
        <course>0.00</course>
        <speed>0.352</speed>
      </trkpt>
      <trkpt lat="48.32242617" lon="16.05240100">
        <time>2026-03-02T21:26:24Z</time>
        <course>0.00</course>
        <speed>0.000</speed>
      </trkpt>
      <trkpt lat="48.32242517" lon="16.05239900">
        <time>2026-03-02T21:26:25Z</time>
        <course>0.00</course>
        <speed>0.139</speed>
      </trkpt>
      <trkpt lat="48.32242517" lon="16.05239900">
        <time>2026-03-02T21:26:25Z</time>
        <course>0.00</course>
        <speed>0.000</speed>
      </trkpt>
      <trkpt lat="48.32242250" lon="16.05239450">
        <time>2026-03-02T21:26:26Z</time>
        <course>0.00</course>
        <speed>0.364</speed>
      </trkpt>
      <trkpt lat="48.32242250" lon="16.05239450">
        <time>2026-03-02T21:26:26Z</time>
        <course>0.00</course>
        <speed>0.000</speed>
      </trkpt>
      <trkpt lat="48.32242050" lon="16.05238350">
        <time>2026-03-02T21:26:27Z</time>
        <course>0.00</course>
        <speed>0.789</speed>
      </trkpt>
      <trkpt lat="48.32242050" lon="16.05238350">
        <time>2026-03-02T21:26:27Z</time>
        <course>0.00</course>
        <speed>0.000</speed>
      </trkpt>
      <trkpt lat="48.32241217" lon="16.05237333">
        <time>2026-03-02T21:26:28Z</time>
        <course>242.41</course>
        <speed>1.214</speed>
      </trkpt>
      <trkpt lat="48.32241217" lon="16.05237333">
        <time>2026-03-02T21:26:28Z</time>
        <course>0.00</course>
        <speed>0.000</speed>
      </trkpt>
      <trkpt lat="48.32241100" lon="16.05236683">
        <time>2026-03-02T21:26:29Z</time>
        <course>0.00</course>
        <speed>0.443</speed>
      </trkpt>
      <trkpt lat="48.32241100" lon="16.05236683">
        <time>2026-03-02T21:26:29Z</time>
        <course>0.00</course>
        <speed>0.000</speed>
      </trkpt>
      <trkpt lat="48.32241250" lon="16.05235883">
        <time>2026-03-02T21:26:30Z</time>
        <course>0.00</course>
        <speed>0.376</speed>
      </trkpt>
      <trkpt lat="48.32241250" lon="16.05235883">
        <time>2026-03-02T21:26:30Z</time>
        <course>0.00</course>
        <speed>0.000</speed>
      </trkpt>
      <trkpt lat="48.32241200" lon="16.05234117">
        <time>2026-03-02T21:26:31Z</time>
        <course>0.00</course>
        <speed>0.979</speed>
      </trkpt>
      <trkpt lat="48.32241200" lon="16.05234117">
        <time>2026-03-02T21:26:31Z</time>
        <course>0.00</course>
        <speed>0.000</speed>
      </trkpt>
      <trkpt lat="48.32240867" lon="16.05232367">
        <time>2026-03-02T21:26:32Z</time>
        <course>0.00</course>
        <speed>1.162</speed>
      </trkpt>
      <trkpt lat="48.32240867" lon="16.05232367">
        <time>2026-03-02T21:26:32Z</time>
        <course>0.00</course>
        <speed>0.000</speed>
      </trkpt>
      <trkpt lat="48.32240633" lon="16.05230833">
        <time>2026-03-02T21:26:33Z</time>
        <course>0.00</course>
        <speed>0.965</speed>
      </trkpt>
      <trkpt lat="48.32240633" lon="16.05230833">
        <time>2026-03-02T21:26:33Z</time>
        <course>0.00</course>
        <speed>0.000</speed>
      </trkpt>
      <trkpt lat="48.32240400" lon="16.05230150">
        <time>2026-03-02T21:26:34Z</time>
        <course>251.13</course>
        <speed>0.861</speed>
      </trkpt>
      <trkpt lat="48.32240400" lon="16.05230150">
        <time>2026-03-02T21:26:34Z</time>
        <course>0.00</course>
        <speed>0.000</speed>
      </trkpt>
      <trkpt lat="48.32240250" lon="16.05228617">
        <time>2026-03-02T21:26:35Z</time>
        <course>254.31</course>
        <speed>0.977</speed>
      </trkpt>
      <trkpt lat="48.32240250" lon="16.05228617">
        <time>2026-03-02T21:26:35Z</time>
        <course>0.00</course>
        <speed>0.000</speed>
      </trkpt>
      <trkpt lat="48.32241267" lon="16.05226083">
        <time>2026-03-02T21:26:36Z</time>
        <course>281.49</course>
        <speed>1.654</speed>
      </trkpt>
      <trkpt lat="48.32241267" lon="16.05226083">
        <time>2026-03-02T21:26:36Z</time>
        <course>0.00</course>
        <speed>0.000</speed>
      </trkpt>
      <trkpt lat="48.32241450" lon="16.05223650">
        <time>2026-03-02T21:26:37Z</time>
        <course>267.78</course>
        <speed>1.234</speed>
      </trkpt>
      <trkpt lat="48.32241450" lon="16.05223650">
        <time>2026-03-02T21:26:37Z</time>
        <course>0.00</course>
        <speed>0.000</speed>
      </trkpt>
      <trkpt lat="48.32241067" lon="16.05221100">
        <time>2026-03-02T21:26:38Z</time>
        <course>265.85</course>
        <speed>1.284</speed>
      </trkpt>
      <trkpt lat="48.32241067" lon="16.05221100">
        <time>2026-03-02T21:26:38Z</time>
        <course>0.00</course>
        <speed>0.000</speed>
      </trkpt>
      <trkpt lat="48.32240850" lon="16.05219250">
        <time>2026-03-02T21:26:39Z</time>
        <course>261.77</course>
        <speed>1.330</speed>
      </trkpt>
      <trkpt lat="48.32240850" lon="16.05219250">
        <time>2026-03-02T21:26:39Z</time>
        <course>0.00</course>
        <speed>0.000</speed>
      </trkpt>
      <trkpt lat="48.32240650" lon="16.05216283">
        <time>2026-03-02T21:26:40Z</time>
        <course>257.29</course>
        <speed>1.403</speed>
      </trkpt>
      <trkpt lat="48.32240650" lon="16.05216283">
        <time>2026-03-02T21:26:40Z</time>
        <course>0.00</course>
        <speed>0.000</speed>
      </trkpt>
      <trkpt lat="48.32240250" lon="16.05214633">
        <time>2026-03-02T21:26:41Z</time>
        <course>257.68</course>
        <speed>1.275</speed>
      </trkpt>
      <trkpt lat="48.32240250" lon="16.05214633">
        <time>2026-03-02T21:26:41Z</time>
        <course>0.00</course>
        <speed>0.000</speed>
      </trkpt>
      <trkpt lat="48.32240067" lon="16.05212883">
        <time>2026-03-02T21:26:42Z</time>
        <course>260.25</course>
        <speed>1.385</speed>
      </trkpt>
      <trkpt lat="48.32240067" lon="16.05212883">
        <time>2026-03-02T21:26:42Z</time>
        <course>0.00</course>
        <speed>0.000</speed>
      </trkpt>
      <trkpt lat="48.32239850" lon="16.05210967">
        <time>2026-03-02T21:26:43Z</time>
        <course>260.59</course>
        <speed>1.408</speed>
      </trkpt>
      <trkpt lat="48.32239850" lon="16.05210967">
        <time>2026-03-02T21:26:43Z</time>
        <course>0.00</course>
        <speed>0.000</speed>
      </trkpt>
      <trkpt lat="48.32239583" lon="16.05209367">
        <time>2026-03-02T21:26:44Z</time>
        <course>263.91</course>
        <speed>1.337</speed>
      </trkpt>
      <trkpt lat="48.32239583" lon="16.05209367">
        <time>2026-03-02T21:26:44Z</time>
        <course>0.00</course>
        <speed>0.000</speed>
      </trkpt>
      <trkpt lat="48.32239517" lon="16.05207517">
        <time>2026-03-02T21:26:45Z</time>
        <course>265.04</course>
        <speed>1.331</speed>
      </trkpt>
      <trkpt lat="48.32239517" lon="16.05207517">
        <time>2026-03-02T21:26:45Z</time>
        <course>0.00</course>
        <speed>0.000</speed>
      </trkpt>
      <trkpt lat="48.32239400" lon="16.05205483">
        <time>2026-03-02T21:26:46Z</time>
        <course>263.87</course>
        <speed>1.359</speed>
      </trkpt>
      <trkpt lat="48.32239400" lon="16.05205483">
        <time>2026-03-02T21:26:46Z</time>
        <course>0.00</course>
        <speed>0.000</speed>
      </trkpt>
      <trkpt lat="48.32239117" lon="16.05203683">
        <time>2026-03-02T21:26:47Z</time>
        <course>262.40</course>
        <speed>1.406</speed>
      </trkpt>
      <trkpt lat="48.32239117" lon="16.05203683">
        <time>2026-03-02T21:26:47Z</time>
        <course>0.00</course>
        <speed>0.000</speed>
      </trkpt>
      <trkpt lat="48.32238800" lon="16.05201950">
        <time>2026-03-02T21:26:48Z</time>
        <course>263.64</course>
        <speed>1.326</speed>
      </trkpt>
      <trkpt lat="48.32238800" lon="16.05201950">
        <time>2026-03-02T21:26:48Z</time>
        <course>0.00</course>
        <speed>0.000</speed>
      </trkpt>
      <trkpt lat="48.32238483" lon="16.05200317">
        <time>2026-03-02T21:26:49Z</time>
        <course>261.51</course>
        <speed>1.354</speed>
      </trkpt>
      <trkpt lat="48.32238483" lon="16.05200317">
        <time>2026-03-02T21:26:49Z</time>
        <course>0.00</course>
        <speed>0.000</speed>
      </trkpt>
      <trkpt lat="48.32238250" lon="16.05198600">
        <time>2026-03-02T21:26:50Z</time>
        <course>262.49</course>
        <speed>1.345</speed>
      </trkpt>
      <trkpt lat="48.32238250" lon="16.05198600">
        <time>2026-03-02T21:26:50Z</time>
        <course>0.00</course>
        <speed>0.000</speed>
      </trkpt>
      <trkpt lat="48.32238200" lon="16.05196683">
        <time>2026-03-02T21:26:51Z</time>
        <course>262.30</course>
        <speed>1.435</speed>
      </trkpt>
      <trkpt lat="48.32238200" lon="16.05196683">
        <time>2026-03-02T21:26:51Z</time>
        <course>0.00</course>
        <speed>0.000</speed>
      </trkpt>
      <trkpt lat="48.32237933" lon="16.05194983">
        <time>2026-03-02T21:26:52Z</time>
        <course>261.46</course>
        <speed>1.332</speed>
      </trkpt>
      <trkpt lat="48.32237933" lon="16.05194983">
        <time>2026-03-02T21:26:52Z</time>
        <course>0.00</course>
        <speed>0.000</speed>
      </trkpt>
      <trkpt lat="48.32237683" lon="16.05193367">
        <time>2026-03-02T21:26:53Z</time>
        <course>262.19</course>
        <speed>1.284</speed>
      </trkpt>
      <trkpt lat="48.32237683" lon="16.05193367">
        <time>2026-03-02T21:26:53Z</time>
        <course>0.00</course>
        <speed>0.000</speed>
      </trkpt>
      <trkpt lat="48.32237467" lon="16.05191717">
        <time>2026-03-02T21:26:54Z</time>
        <course>260.37</course>
        <speed>1.321</speed>
      </trkpt>
      <trkpt lat="48.32237467" lon="16.05191717">
        <time>2026-03-02T21:26:54Z</time>
        <course>0.00</course>
        <speed>0.000</speed>
      </trkpt>
      <trkpt lat="48.32237250" lon="16.05189983">
        <time>2026-03-02T21:26:55Z</time>
        <course>262.94</course>
        <speed>1.345</speed>
      </trkpt>
      <trkpt lat="48.32237250" lon="16.05189983">
        <time>2026-03-02T21:26:55Z</time>
        <course>0.00</course>
        <speed>0.000</speed>
      </trkpt>
      <trkpt lat="48.32237033" lon="16.05188167">
        <time>2026-03-02T21:26:56Z</time>
        <course>261.82</course>
        <speed>1.378</speed>
      </trkpt>
      <trkpt lat="48.32237033" lon="16.05188167">
        <time>2026-03-02T21:26:56Z</time>
        <course>0.00</course>
        <speed>0.000</speed>
      </trkpt>
      <trkpt lat="48.32236767" lon="16.05186400">
        <time>2026-03-02T21:26:57Z</time>
        <course>263.47</course>
        <speed>1.330</speed>
      </trkpt>
      <trkpt lat="48.32236767" lon="16.05186400">
        <time>2026-03-02T21:26:57Z</time>
        <course>0.00</course>
        <speed>0.000</speed>
      </trkpt>
      <trkpt lat="48.32236533" lon="16.05184567">
        <time>2026-03-02T21:26:58Z</time>
        <course>260.47</course>
        <speed>1.409</speed>
      </trkpt>
      <trkpt lat="48.32236533" lon="16.05184567">
        <time>2026-03-02T21:26:58Z</time>
        <course>0.00</course>
        <speed>0.000</speed>
      </trkpt>
      <trkpt lat="48.32236250" lon="16.05182867">
        <time>2026-03-02T21:26:59Z</time>
        <course>261.11</course>
        <speed>1.352</speed>
      </trkpt>
      <trkpt lat="48.32236250" lon="16.05182867">
        <time>2026-03-02T21:26:59Z</time>
        <course>0.00</course>
        <speed>0.000</speed>
      </trkpt>
      <trkpt lat="48.32235967" lon="16.05181183">
        <time>2026-03-02T21:27:00Z</time>
        <course>262.30</course>
        <speed>1.368</speed>
      </trkpt>
      <trkpt lat="48.32235967" lon="16.05181183">
        <time>2026-03-02T21:27:00Z</time>
        <course>0.00</course>
        <speed>0.000</speed>
      </trkpt>
      <trkpt lat="48.32235867" lon="16.05179483">
        <time>2026-03-02T21:27:01Z</time>
        <course>262.11</course>
        <speed>1.312</speed>
      </trkpt>
      <trkpt lat="48.32235867" lon="16.05179483">
        <time>2026-03-02T21:27:01Z</time>
        <course>0.00</course>
        <speed>0.000</speed>
      </trkpt>
      <trkpt lat="48.32235867" lon="16.05177650">
        <time>2026-03-02T21:27:02Z</time>
        <course>264.27</course>
        <speed>1.456</speed>
      </trkpt>
      <trkpt lat="48.32235867" lon="16.05177650">
        <time>2026-03-02T21:27:02Z</time>
        <course>0.00</course>
        <speed>0.000</speed>
      </trkpt>
      <trkpt lat="48.32235683" lon="16.05175817">
        <time>2026-03-02T21:27:03Z</time>
        <course>261.90</course>
        <speed>1.459</speed>
      </trkpt>
      <trkpt lat="48.32235683" lon="16.05175817">
        <time>2026-03-02T21:27:03Z</time>
        <course>0.00</course>
        <speed>0.000</speed>
      </trkpt>
      <trkpt lat="48.32235383" lon="16.05173867">
        <time>2026-03-02T21:27:04Z</time>
        <course>259.22</course>
        <speed>1.392</speed>
      </trkpt>
      <trkpt lat="48.32235383" lon="16.05173867">
        <time>2026-03-02T21:27:04Z</time>
        <course>0.00</course>
        <speed>0.000</speed>
      </trkpt>
      <trkpt lat="48.32235250" lon="16.05172083">
        <time>2026-03-02T21:27:05Z</time>
        <course>261.57</course>
        <speed>1.360</speed>
      </trkpt>
      <trkpt lat="48.32235250" lon="16.05172083">
        <time>2026-03-02T21:27:05Z</time>
        <course>0.00</course>
        <speed>0.000</speed>
      </trkpt>
      <trkpt lat="48.32235050" lon="16.05170183">
        <time>2026-03-02T21:27:06Z</time>
        <course>265.13</course>
        <speed>1.439</speed>
      </trkpt>
      <trkpt lat="48.32235050" lon="16.05170183">
        <time>2026-03-02T21:27:06Z</time>
        <course>0.00</course>
        <speed>0.000</speed>
      </trkpt>
      <trkpt lat="48.32235000" lon="16.05168333">
        <time>2026-03-02T21:27:07Z</time>
        <course>267.42</course>
        <speed>1.285</speed>
      </trkpt>
      <trkpt lat="48.32235000" lon="16.05168333">
        <time>2026-03-02T21:27:07Z</time>
        <course>0.00</course>
        <speed>0.000</speed>
      </trkpt>
      <trkpt lat="48.32234800" lon="16.05166500">
        <time>2026-03-02T21:27:08Z</time>
        <course>264.25</course>
        <speed>1.428</speed>
      </trkpt>
      <trkpt lat="48.32234800" lon="16.05166500">
        <time>2026-03-02T21:27:08Z</time>
        <course>0.00</course>
        <speed>0.000</speed>
      </trkpt>
      <trkpt lat="48.32234400" lon="16.05164717">
        <time>2026-03-02T21:27:09Z</time>
        <course>257.07</course>
        <speed>1.384</speed>
      </trkpt>
      <trkpt lat="48.32234400" lon="16.05164717">
        <time>2026-03-02T21:27:09Z</time>
        <course>0.00</course>
        <speed>0.000</speed>
      </trkpt>
      <trkpt lat="48.32234167" lon="16.05162950">
        <time>2026-03-02T21:27:10Z</time>
        <course>258.17</course>
        <speed>1.348</speed>
      </trkpt>
      <trkpt lat="48.32234167" lon="16.05162950">
        <time>2026-03-02T21:27:10Z</time>
        <course>0.00</course>
        <speed>0.000</speed>
      </trkpt>
      <trkpt lat="48.32234050" lon="16.05161183">
        <time>2026-03-02T21:27:11Z</time>
        <course>261.81</course>
        <speed>1.342</speed>
      </trkpt>
      <trkpt lat="48.32234050" lon="16.05161183">
        <time>2026-03-02T21:27:11Z</time>
        <course>0.00</course>
        <speed>0.000</speed>
      </trkpt>
      <trkpt lat="48.32233783" lon="16.05159517">
        <time>2026-03-02T21:27:12Z</time>
        <course>263.58</course>
        <speed>1.275</speed>
      </trkpt>
      <trkpt lat="48.32233783" lon="16.05159517">
        <time>2026-03-02T21:27:12Z</time>
        <course>0.00</course>
        <speed>0.000</speed>
      </trkpt>
      <trkpt lat="48.32233567" lon="16.05157617">
        <time>2026-03-02T21:27:13Z</time>
        <course>263.00</course>
        <speed>1.438</speed>
      </trkpt>
      <trkpt lat="48.32233567" lon="16.05157617">
        <time>2026-03-02T21:27:13Z</time>
        <course>0.00</course>
        <speed>0.000</speed>
      </trkpt>
      <trkpt lat="48.32233517" lon="16.05156200">
        <time>2026-03-02T21:27:14Z</time>
        <course>263.57</course>
        <speed>1.286</speed>
      </trkpt>
      <trkpt lat="48.32233517" lon="16.05156200">
        <time>2026-03-02T21:27:14Z</time>
        <course>0.00</course>
        <speed>0.000</speed>
      </trkpt>
      <trkpt lat="48.32233183" lon="16.05154600">
        <time>2026-03-02T21:27:15Z</time>
        <course>258.40</course>
        <speed>1.195</speed>
      </trkpt>
      <trkpt lat="48.32233183" lon="16.05154600">
        <time>2026-03-02T21:27:15Z</time>
        <course>0.00</course>
        <speed>0.000</speed>
      </trkpt>
      <trkpt lat="48.32233067" lon="16.05152750">
        <time>2026-03-02T21:27:16Z</time>
        <course>257.89</course>
        <speed>1.417</speed>
      </trkpt>
      <trkpt lat="48.32233067" lon="16.05152750">
        <time>2026-03-02T21:27:16Z</time>
        <course>0.00</course>
        <speed>0.000</speed>
      </trkpt>
      <trkpt lat="48.32232750" lon="16.05150883">
        <time>2026-03-02T21:27:17Z</time>
        <course>258.06</course>
        <speed>1.490</speed>
      </trkpt>
      <trkpt lat="48.32232750" lon="16.05150883">
        <time>2026-03-02T21:27:17Z</time>
        <course>0.00</course>
        <speed>0.000</speed>
      </trkpt>
      <trkpt lat="48.32232467" lon="16.05149050">
        <time>2026-03-02T21:27:18Z</time>
        <course>258.55</course>
        <speed>1.390</speed>
      </trkpt>
      <trkpt lat="48.32232467" lon="16.05149050">
        <time>2026-03-02T21:27:18Z</time>
        <course>0.00</course>
        <speed>0.000</speed>
      </trkpt>
      <trkpt lat="48.32232050" lon="16.05147150">
        <time>2026-03-02T21:27:19Z</time>
        <course>258.41</course>
        <speed>1.445</speed>
      </trkpt>
      <trkpt lat="48.32232050" lon="16.05147150">
        <time>2026-03-02T21:27:19Z</time>
        <course>0.00</course>
        <speed>0.000</speed>
      </trkpt>
      <trkpt lat="48.32231733" lon="16.05145533">
        <time>2026-03-02T21:27:20Z</time>
        <course>259.32</course>
        <speed>1.484</speed>
      </trkpt>
      <trkpt lat="48.32231733" lon="16.05145533">
        <time>2026-03-02T21:27:20Z</time>
        <course>0.00</course>
        <speed>0.000</speed>
      </trkpt>
      <trkpt lat="48.32231617" lon="16.05143683">
        <time>2026-03-02T21:27:21Z</time>
        <course>262.72</course>
        <speed>1.307</speed>
      </trkpt>
      <trkpt lat="48.32231617" lon="16.05143683">
        <time>2026-03-02T21:27:21Z</time>
        <course>0.00</course>
        <speed>0.000</speed>
      </trkpt>
      <trkpt lat="48.32231417" lon="16.05141917">
        <time>2026-03-02T21:27:22Z</time>
        <course>261.80</course>
        <speed>1.319</speed>
      </trkpt>
      <trkpt lat="48.32231417" lon="16.05141917">
        <time>2026-03-02T21:27:22Z</time>
        <course>0.00</course>
        <speed>0.000</speed>
      </trkpt>
      <trkpt lat="48.32231283" lon="16.05140117">
        <time>2026-03-02T21:27:23Z</time>
        <course>263.39</course>
        <speed>1.351</speed>
      </trkpt>
      <trkpt lat="48.32231283" lon="16.05140117">
        <time>2026-03-02T21:27:23Z</time>
        <course>0.00</course>
        <speed>0.000</speed>
      </trkpt>
      <trkpt lat="48.32230967" lon="16.05138233">
        <time>2026-03-02T21:27:24Z</time>
        <course>258.73</course>
        <speed>1.443</speed>
      </trkpt>
      <trkpt lat="48.32230967" lon="16.05138233">
        <time>2026-03-02T21:27:24Z</time>
        <course>0.00</course>
        <speed>0.000</speed>
      </trkpt>
      <trkpt lat="48.32230683" lon="16.05136333">
        <time>2026-03-02T21:27:25Z</time>
        <course>258.29</course>
        <speed>1.448</speed>
      </trkpt>
      <trkpt lat="48.32230683" lon="16.05136333">
        <time>2026-03-02T21:27:25Z</time>
        <course>0.00</course>
        <speed>0.000</speed>
      </trkpt>
      <trkpt lat="48.32230433" lon="16.05134433">
        <time>2026-03-02T21:27:26Z</time>
        <course>257.90</course>
        <speed>1.423</speed>
      </trkpt>
      <trkpt lat="48.32230433" lon="16.05134433">
        <time>2026-03-02T21:27:26Z</time>
        <course>0.00</course>
        <speed>0.000</speed>
      </trkpt>
      <trkpt lat="48.32230267" lon="16.05132567">
        <time>2026-03-02T21:27:27Z</time>
        <course>260.22</course>
        <speed>1.344</speed>
      </trkpt>
      <trkpt lat="48.32230267" lon="16.05132567">
        <time>2026-03-02T21:27:27Z</time>
        <course>0.00</course>
        <speed>0.000</speed>
      </trkpt>
      <trkpt lat="48.32230183" lon="16.05130850">
        <time>2026-03-02T21:27:28Z</time>
        <course>264.80</course>
        <speed>1.234</speed>
      </trkpt>
      <trkpt lat="48.32230183" lon="16.05130850">
        <time>2026-03-02T21:27:28Z</time>
        <course>0.00</course>
        <speed>0.000</speed>
      </trkpt>
      <trkpt lat="48.32230000" lon="16.05129183">
        <time>2026-03-02T21:27:29Z</time>
        <course>262.06</course>
        <speed>1.296</speed>
      </trkpt>
      <trkpt lat="48.32230000" lon="16.05129183">
        <time>2026-03-02T21:27:29Z</time>
        <course>0.00</course>
        <speed>0.000</speed>
      </trkpt>
      <trkpt lat="48.32229800" lon="16.05127517">
        <time>2026-03-02T21:27:30Z</time>
        <course>258.69</course>
        <speed>1.281</speed>
      </trkpt>
      <trkpt lat="48.32229800" lon="16.05127517">
        <time>2026-03-02T21:27:30Z</time>
        <course>0.00</course>
        <speed>0.000</speed>
      </trkpt>
      <trkpt lat="48.32229533" lon="16.05125600">
        <time>2026-03-02T21:27:31Z</time>
        <course>260.52</course>
        <speed>1.445</speed>
      </trkpt>
      <trkpt lat="48.32229533" lon="16.05125600">
        <time>2026-03-02T21:27:31Z</time>
        <course>0.00</course>
        <speed>0.000</speed>
      </trkpt>
      <trkpt lat="48.32229267" lon="16.05123717">
        <time>2026-03-02T21:27:32Z</time>
        <course>258.85</course>
        <speed>1.412</speed>
      </trkpt>
      <trkpt lat="48.32229267" lon="16.05123717">
        <time>2026-03-02T21:27:32Z</time>
        <course>0.00</course>
        <speed>0.000</speed>
      </trkpt>
      <trkpt lat="48.32228950" lon="16.05121817">
        <time>2026-03-02T21:27:33Z</time>
        <course>258.19</course>
        <speed>1.395</speed>
      </trkpt>
      <trkpt lat="48.32228950" lon="16.05121817">
        <time>2026-03-02T21:27:33Z</time>
        <course>0.00</course>
        <speed>0.000</speed>
      </trkpt>
      <trkpt lat="48.32228683" lon="16.05119967">
        <time>2026-03-02T21:27:34Z</time>
        <course>259.29</course>
        <speed>1.427</speed>
      </trkpt>
      <trkpt lat="48.32228683" lon="16.05119967">
        <time>2026-03-02T21:27:34Z</time>
        <course>0.00</course>
        <speed>0.000</speed>
      </trkpt>
      <trkpt lat="48.32228567" lon="16.05117983">
        <time>2026-03-02T21:27:35Z</time>
        <course>263.31</course>
        <speed>1.478</speed>
      </trkpt>
      <trkpt lat="48.32228567" lon="16.05117983">
        <time>2026-03-02T21:27:35Z</time>
        <course>0.00</course>
        <speed>0.000</speed>
      </trkpt>
      <trkpt lat="48.32228417" lon="16.05116167">
        <time>2026-03-02T21:27:36Z</time>
        <course>263.11</course>
        <speed>1.294</speed>
      </trkpt>
      <trkpt lat="48.32228417" lon="16.05116167">
        <time>2026-03-02T21:27:36Z</time>
        <course>0.00</course>
        <speed>0.000</speed>
      </trkpt>
      <trkpt lat="48.32228300" lon="16.05114400">
        <time>2026-03-02T21:27:37Z</time>
        <course>264.72</course>
        <speed>1.313</speed>
      </trkpt>
      <trkpt lat="48.32228300" lon="16.05114400">
        <time>2026-03-02T21:27:37Z</time>
        <course>0.00</course>
        <speed>0.000</speed>
      </trkpt>
      <trkpt lat="48.32227933" lon="16.05112550">
        <time>2026-03-02T21:27:38Z</time>
        <course>261.20</course>
        <speed>1.284</speed>
      </trkpt>
      <trkpt lat="48.32227933" lon="16.05112550">
        <time>2026-03-02T21:27:38Z</time>
        <course>0.00</course>
        <speed>0.000</speed>
      </trkpt>
      <trkpt lat="48.32227567" lon="16.05110633">
        <time>2026-03-02T21:27:39Z</time>
        <course>259.26</course>
        <speed>1.455</speed>
      </trkpt>
      <trkpt lat="48.32227567" lon="16.05110633">
        <time>2026-03-02T21:27:39Z</time>
        <course>0.00</course>
        <speed>0.000</speed>
      </trkpt>
      <trkpt lat="48.32227267" lon="16.05108750">
        <time>2026-03-02T21:27:40Z</time>
        <course>257.70</course>
        <speed>1.467</speed>
      </trkpt>
      <trkpt lat="48.32227267" lon="16.05108750">
        <time>2026-03-02T21:27:40Z</time>
        <course>0.00</course>
        <speed>0.000</speed>
      </trkpt>
      <trkpt lat="48.32226950" lon="16.05106950">
        <time>2026-03-02T21:27:41Z</time>
        <course>256.70</course>
        <speed>1.380</speed>
      </trkpt>
      <trkpt lat="48.32226950" lon="16.05106950">
        <time>2026-03-02T21:27:41Z</time>
        <course>0.00</course>
        <speed>0.000</speed>
      </trkpt>
      <trkpt lat="48.32226650" lon="16.05105083">
        <time>2026-03-02T21:27:42Z</time>
        <course>258.24</course>
        <speed>1.499</speed>
      </trkpt>
      <trkpt lat="48.32226650" lon="16.05105083">
        <time>2026-03-02T21:27:42Z</time>
        <course>0.00</course>
        <speed>0.000</speed>
      </trkpt>
      <trkpt lat="48.32226550" lon="16.05103067">
        <time>2026-03-02T21:27:43Z</time>
        <course>263.78</course>
        <speed>1.417</speed>
      </trkpt>
      <trkpt lat="48.32226550" lon="16.05103067">
        <time>2026-03-02T21:27:43Z</time>
        <course>0.00</course>
        <speed>0.000</speed>
      </trkpt>
      <trkpt lat="48.32226383" lon="16.05101317">
        <time>2026-03-02T21:27:44Z</time>
        <course>262.09</course>
        <speed>1.276</speed>
      </trkpt>
      <trkpt lat="48.32226383" lon="16.05101317">
        <time>2026-03-02T21:27:44Z</time>
        <course>0.00</course>
        <speed>0.000</speed>
      </trkpt>
      <trkpt lat="48.32226083" lon="16.05099650">
        <time>2026-03-02T21:27:45Z</time>
        <course>258.19</course>
        <speed>1.292</speed>
      </trkpt>
      <trkpt lat="48.32226083" lon="16.05099650">
        <time>2026-03-02T21:27:45Z</time>
        <course>0.00</course>
        <speed>0.000</speed>
      </trkpt>
      <trkpt lat="48.32225767" lon="16.05097733">
        <time>2026-03-02T21:27:46Z</time>
        <course>256.51</course>
        <speed>1.548</speed>
      </trkpt>
      <trkpt lat="48.32225767" lon="16.05097733">
        <time>2026-03-02T21:27:46Z</time>
        <course>0.00</course>
        <speed>0.000</speed>
      </trkpt>
      <trkpt lat="48.32225483" lon="16.05095900">
        <time>2026-03-02T21:27:47Z</time>
        <course>258.38</course>
        <speed>1.410</speed>
      </trkpt>
      <trkpt lat="48.32225483" lon="16.05095900">
        <time>2026-03-02T21:27:47Z</time>
        <course>0.00</course>
        <speed>0.000</speed>
      </trkpt>
      <trkpt lat="48.32225283" lon="16.05094100">
        <time>2026-03-02T21:27:48Z</time>
        <course>259.29</course>
        <speed>1.363</speed>
      </trkpt>
      <trkpt lat="48.32225283" lon="16.05094100">
        <time>2026-03-02T21:27:48Z</time>
        <course>0.00</course>
        <speed>0.000</speed>
      </trkpt>
      <trkpt lat="48.32225150" lon="16.05092333">
        <time>2026-03-02T21:27:49Z</time>
        <course>261.65</course>
        <speed>1.281</speed>
      </trkpt>
      <trkpt lat="48.32225150" lon="16.05092333">
        <time>2026-03-02T21:27:49Z</time>
        <course>0.00</course>
        <speed>0.000</speed>
      </trkpt>
      <trkpt lat="48.32225200" lon="16.05090567">
        <time>2026-03-02T21:27:50Z</time>
        <course>262.45</course>
        <speed>1.298</speed>
      </trkpt>
      <trkpt lat="48.32225200" lon="16.05090567">
        <time>2026-03-02T21:27:50Z</time>
        <course>0.00</course>
        <speed>0.000</speed>
      </trkpt>
      <trkpt lat="48.32225050" lon="16.05088800">
        <time>2026-03-02T21:27:51Z</time>
        <course>262.16</course>
        <speed>1.332</speed>
      </trkpt>
      <trkpt lat="48.32225050" lon="16.05088800">
        <time>2026-03-02T21:27:51Z</time>
        <course>0.00</course>
        <speed>0.000</speed>
      </trkpt>
      <trkpt lat="48.32224767" lon="16.05087200">
        <time>2026-03-02T21:27:52Z</time>
        <course>256.91</course>
        <speed>1.259</speed>
      </trkpt>
      <trkpt lat="48.32224767" lon="16.05087200">
        <time>2026-03-02T21:27:52Z</time>
        <course>0.00</course>
        <speed>0.000</speed>
      </trkpt>
      <trkpt lat="48.32224433" lon="16.05085417">
        <time>2026-03-02T21:27:53Z</time>
        <course>254.47</course>
        <speed>1.454</speed>
      </trkpt>
      <trkpt lat="48.32224433" lon="16.05085417">
        <time>2026-03-02T21:27:53Z</time>
        <course>0.00</course>
        <speed>0.000</speed>
      </trkpt>
      <trkpt lat="48.32224133" lon="16.05083583">
        <time>2026-03-02T21:27:54Z</time>
        <course>255.15</course>
        <speed>1.382</speed>
      </trkpt>
      <trkpt lat="48.32224133" lon="16.05083583">
        <time>2026-03-02T21:27:54Z</time>
        <course>0.00</course>
        <speed>0.000</speed>
      </trkpt>
      <trkpt lat="48.32224000" lon="16.05081983">
        <time>2026-03-02T21:27:55Z</time>
        <course>259.44</course>
        <speed>1.154</speed>
      </trkpt>
      <trkpt lat="48.32224000" lon="16.05081983">
        <time>2026-03-02T21:27:55Z</time>
        <course>0.00</course>
        <speed>0.000</speed>
      </trkpt>
      <trkpt lat="48.32223767" lon="16.05080400">
        <time>2026-03-02T21:27:56Z</time>
        <course>258.86</course>
        <speed>1.274</speed>
      </trkpt>
      <trkpt lat="48.32223767" lon="16.05080400">
        <time>2026-03-02T21:27:56Z</time>
        <course>0.00</course>
        <speed>0.000</speed>
      </trkpt>
      <trkpt lat="48.32223667" lon="16.05078700">
        <time>2026-03-02T21:27:57Z</time>
        <course>255.86</course>
        <speed>1.348</speed>
      </trkpt>
      <trkpt lat="48.32223667" lon="16.05078700">
        <time>2026-03-02T21:27:57Z</time>
        <course>0.00</course>
        <speed>0.000</speed>
      </trkpt>
      <trkpt lat="48.32223067" lon="16.05077083">
        <time>2026-03-02T21:27:58Z</time>
        <course>248.28</course>
        <speed>1.379</speed>
      </trkpt>
      <trkpt lat="48.32223067" lon="16.05077083">
        <time>2026-03-02T21:27:58Z</time>
        <course>0.00</course>
        <speed>0.000</speed>
      </trkpt>
      <trkpt lat="48.32222433" lon="16.05075850">
        <time>2026-03-02T21:27:59Z</time>
        <course>240.00</course>
        <speed>1.279</speed>
      </trkpt>
      <trkpt lat="48.32222433" lon="16.05075850">
        <time>2026-03-02T21:27:59Z</time>
        <course>0.00</course>
        <speed>0.000</speed>
      </trkpt>
      <trkpt lat="48.32221550" lon="16.05074817">
        <time>2026-03-02T21:28:00Z</time>
        <course>226.33</course>
        <speed>1.331</speed>
      </trkpt>
      <trkpt lat="48.32221550" lon="16.05074817">
        <time>2026-03-02T21:28:00Z</time>
        <course>0.00</course>
        <speed>0.000</speed>
      </trkpt>
      <trkpt lat="48.32220550" lon="16.05073717">
        <time>2026-03-02T21:28:01Z</time>
        <course>215.47</course>
        <speed>1.305</speed>
      </trkpt>
      <trkpt lat="48.32220550" lon="16.05073717">
        <time>2026-03-02T21:28:01Z</time>
        <course>0.00</course>
        <speed>0.000</speed>
      </trkpt>
      <trkpt lat="48.32219567" lon="16.05073067">
        <time>2026-03-02T21:28:02Z</time>
        <course>208.90</course>
        <speed>1.209</speed>
      </trkpt>
      <trkpt lat="48.32219567" lon="16.05073067">
        <time>2026-03-02T21:28:02Z</time>
        <course>0.00</course>
        <speed>0.000</speed>
      </trkpt>
      <trkpt lat="48.32218533" lon="16.05072567">
        <time>2026-03-02T21:28:03Z</time>
        <course>199.05</course>
        <speed>1.316</speed>
      </trkpt>
      <trkpt lat="48.32218533" lon="16.05072567">
        <time>2026-03-02T21:28:03Z</time>
        <course>0.00</course>
        <speed>0.000</speed>
      </trkpt>
      <trkpt lat="48.32217383" lon="16.05072483">
        <time>2026-03-02T21:28:04Z</time>
        <course>188.45</course>
        <speed>1.459</speed>
      </trkpt>
      <trkpt lat="48.32217383" lon="16.05072483">
        <time>2026-03-02T21:28:04Z</time>
        <course>0.00</course>
        <speed>0.000</speed>
      </trkpt>
      <trkpt lat="48.32216167" lon="16.05072667">
        <time>2026-03-02T21:28:05Z</time>
        <course>183.21</course>
        <speed>1.330</speed>
      </trkpt>
      <trkpt lat="48.32216167" lon="16.05072667">
        <time>2026-03-02T21:28:05Z</time>
        <course>0.00</course>
        <speed>0.000</speed>
      </trkpt>
      <trkpt lat="48.32215033" lon="16.05072883">
        <time>2026-03-02T21:28:06Z</time>
        <course>176.27</course>
        <speed>1.280</speed>
      </trkpt>
      <trkpt lat="48.32215033" lon="16.05072883">
        <time>2026-03-02T21:28:06Z</time>
        <course>0.00</course>
        <speed>0.000</speed>
      </trkpt>
      <trkpt lat="48.32213833" lon="16.05073267">
        <time>2026-03-02T21:28:07Z</time>
        <course>170.57</course>
        <speed>1.426</speed>
      </trkpt>
      <trkpt lat="48.32213833" lon="16.05073267">
        <time>2026-03-02T21:28:07Z</time>
        <course>0.00</course>
        <speed>0.000</speed>
      </trkpt>
      <trkpt lat="48.32212717" lon="16.05073783">
        <time>2026-03-02T21:28:08Z</time>
        <course>169.95</course>
        <speed>1.341</speed>
      </trkpt>
      <trkpt lat="48.32212717" lon="16.05073783">
        <time>2026-03-02T21:28:08Z</time>
        <course>0.00</course>
        <speed>0.000</speed>
      </trkpt>
      <trkpt lat="48.32211483" lon="16.05074117">
        <time>2026-03-02T21:28:09Z</time>
        <course>170.56</course>
        <speed>1.362</speed>
      </trkpt>
      <trkpt lat="48.32211483" lon="16.05074117">
        <time>2026-03-02T21:28:09Z</time>
        <course>0.00</course>
        <speed>0.000</speed>
      </trkpt>
      <trkpt lat="48.32210267" lon="16.05074433">
        <time>2026-03-02T21:28:10Z</time>
        <course>171.99</course>
        <speed>1.355</speed>
      </trkpt>
      <trkpt lat="48.32210267" lon="16.05074433">
        <time>2026-03-02T21:28:10Z</time>
        <course>0.00</course>
        <speed>0.000</speed>
      </trkpt>
      <trkpt lat="48.32209167" lon="16.05074533">
        <time>2026-03-02T21:28:11Z</time>
        <course>174.19</course>
        <speed>1.327</speed>
      </trkpt>
      <trkpt lat="48.32209167" lon="16.05074533">
        <time>2026-03-02T21:28:11Z</time>
        <course>0.00</course>
        <speed>0.000</speed>
      </trkpt>
      <trkpt lat="48.32207850" lon="16.05074683">
        <time>2026-03-02T21:28:12Z</time>
        <course>177.74</course>
        <speed>1.360</speed>
      </trkpt>
      <trkpt lat="48.32207850" lon="16.05074683">
        <time>2026-03-02T21:28:12Z</time>
        <course>0.00</course>
        <speed>0.000</speed>
      </trkpt>
      <trkpt lat="48.32206650" lon="16.05074817">
        <time>2026-03-02T21:28:13Z</time>
        <course>177.55</course>
        <speed>1.324</speed>
      </trkpt>
      <trkpt lat="48.32206650" lon="16.05074817">
        <time>2026-03-02T21:28:13Z</time>
        <course>0.00</course>
        <speed>0.000</speed>
      </trkpt>
      <trkpt lat="48.32205500" lon="16.05075000">
        <time>2026-03-02T21:28:14Z</time>
        <course>176.31</course>
        <speed>1.306</speed>
      </trkpt>
      <trkpt lat="48.32205500" lon="16.05075000">
        <time>2026-03-02T21:28:14Z</time>
        <course>0.00</course>
        <speed>0.000</speed>
      </trkpt>
      <trkpt lat="48.32204367" lon="16.05075117">
        <time>2026-03-02T21:28:15Z</time>
        <course>173.78</course>
        <speed>1.184</speed>
      </trkpt>
      <trkpt lat="48.32204367" lon="16.05075117">
        <time>2026-03-02T21:28:15Z</time>
        <course>0.00</course>
        <speed>0.000</speed>
      </trkpt>
      <trkpt lat="48.32203250" lon="16.05075417">
        <time>2026-03-02T21:28:16Z</time>
        <course>173.39</course>
        <speed>1.351</speed>
      </trkpt>
      <trkpt lat="48.32203250" lon="16.05075417">
        <time>2026-03-02T21:28:16Z</time>
        <course>0.00</course>
        <speed>0.000</speed>
      </trkpt>
      <trkpt lat="48.32202100" lon="16.05075817">
        <time>2026-03-02T21:28:17Z</time>
        <course>167.97</course>
        <speed>1.323</speed>
      </trkpt>
      <trkpt lat="48.32202100" lon="16.05075817">
        <time>2026-03-02T21:28:17Z</time>
        <course>0.00</course>
        <speed>0.000</speed>
      </trkpt>
      <trkpt lat="48.32200867" lon="16.05076083">
        <time>2026-03-02T21:28:18Z</time>
        <course>169.57</course>
        <speed>1.312</speed>
      </trkpt>
      <trkpt lat="48.32200867" lon="16.05076083">
        <time>2026-03-02T21:28:18Z</time>
        <course>0.00</course>
        <speed>0.000</speed>
      </trkpt>
      <trkpt lat="48.32199600" lon="16.05076417">
        <time>2026-03-02T21:28:19Z</time>
        <course>171.02</course>
        <speed>1.322</speed>
      </trkpt>
      <trkpt lat="48.32199600" lon="16.05076417">
        <time>2026-03-02T21:28:19Z</time>
        <course>0.00</course>
        <speed>0.000</speed>
      </trkpt>
      <trkpt lat="48.32198367" lon="16.05076517">
        <time>2026-03-02T21:28:20Z</time>
        <course>173.71</course>
        <speed>1.339</speed>
      </trkpt>
      <trkpt lat="48.32198367" lon="16.05076517">
        <time>2026-03-02T21:28:20Z</time>
        <course>0.00</course>
        <speed>0.000</speed>
      </trkpt>
      <trkpt lat="48.32197200" lon="16.05076550">
        <time>2026-03-02T21:28:21Z</time>
        <course>178.04</course>
        <speed>1.293</speed>
      </trkpt>
      <trkpt lat="48.32197200" lon="16.05076550">
        <time>2026-03-02T21:28:21Z</time>
        <course>0.00</course>
        <speed>0.000</speed>
      </trkpt>
      <trkpt lat="48.32195967" lon="16.05076633">
        <time>2026-03-02T21:28:22Z</time>
        <course>176.69</course>
        <speed>1.344</speed>
      </trkpt>
      <trkpt lat="48.32195967" lon="16.05076633">
        <time>2026-03-02T21:28:22Z</time>
        <course>0.00</course>
        <speed>0.000</speed>
      </trkpt>
      <trkpt lat="48.32194717" lon="16.05076833">
        <time>2026-03-02T21:28:23Z</time>
        <course>174.67</course>
        <speed>1.422</speed>
      </trkpt>
      <trkpt lat="48.32194717" lon="16.05076833">
        <time>2026-03-02T21:28:23Z</time>
        <course>0.00</course>
        <speed>0.000</speed>
      </trkpt>
      <trkpt lat="48.32193550" lon="16.05077217">
        <time>2026-03-02T21:28:24Z</time>
        <course>173.90</course>
        <speed>1.405</speed>
      </trkpt>
      <trkpt lat="48.32193550" lon="16.05077217">
        <time>2026-03-02T21:28:24Z</time>
        <course>0.00</course>
        <speed>0.000</speed>
      </trkpt>
      <trkpt lat="48.32192383" lon="16.05077483">
        <time>2026-03-02T21:28:25Z</time>
        <course>174.36</course>
        <speed>1.390</speed>
      </trkpt>
      <trkpt lat="48.32192383" lon="16.05077483">
        <time>2026-03-02T21:28:25Z</time>
        <course>0.00</course>
        <speed>0.000</speed>
      </trkpt>
      <trkpt lat="48.32191167" lon="16.05077650">
        <time>2026-03-02T21:28:26Z</time>
        <course>176.27</course>
        <speed>1.437</speed>
      </trkpt>
      <trkpt lat="48.32191167" lon="16.05077650">
        <time>2026-03-02T21:28:26Z</time>
        <course>0.00</course>
        <speed>0.000</speed>
      </trkpt>
      <trkpt lat="48.32189933" lon="16.05077900">
        <time>2026-03-02T21:28:27Z</time>
        <course>173.83</course>
        <speed>1.396</speed>
      </trkpt>
      <trkpt lat="48.32189933" lon="16.05077900">
        <time>2026-03-02T21:28:27Z</time>
        <course>0.00</course>
        <speed>0.000</speed>
      </trkpt>
      <trkpt lat="48.32188767" lon="16.05078167">
        <time>2026-03-02T21:28:28Z</time>
        <course>173.00</course>
        <speed>1.277</speed>
      </trkpt>
      <trkpt lat="48.32188767" lon="16.05078167">
        <time>2026-03-02T21:28:28Z</time>
        <course>0.00</course>
        <speed>0.000</speed>
      </trkpt>
      <trkpt lat="48.32187633" lon="16.05078417">
        <time>2026-03-02T21:28:29Z</time>
        <course>172.21</course>
        <speed>1.262</speed>
      </trkpt>
      <trkpt lat="48.32187633" lon="16.05078417">
        <time>2026-03-02T21:28:29Z</time>
        <course>0.00</course>
        <speed>0.000</speed>
      </trkpt>
      <trkpt lat="48.32186517" lon="16.05078667">
        <time>2026-03-02T21:28:30Z</time>
        <course>172.62</course>
        <speed>1.326</speed>
      </trkpt>
      <trkpt lat="48.32186517" lon="16.05078667">
        <time>2026-03-02T21:28:30Z</time>
        <course>0.00</course>
        <speed>0.000</speed>
      </trkpt>
      <trkpt lat="48.32184917" lon="16.05078767">
        <time>2026-03-02T21:28:31Z</time>
        <course>170.05</course>
        <speed>1.377</speed>
      </trkpt>
      <trkpt lat="48.32184917" lon="16.05078767">
        <time>2026-03-02T21:28:31Z</time>
        <course>0.00</course>
        <speed>0.000</speed>
      </trkpt>
      <trkpt lat="48.32183800" lon="16.05079383">
        <time>2026-03-02T21:28:32Z</time>
        <course>165.25</course>
        <speed>1.322</speed>
      </trkpt>
      <trkpt lat="48.32183800" lon="16.05079383">
        <time>2026-03-02T21:28:32Z</time>
        <course>0.00</course>
        <speed>0.000</speed>
      </trkpt>
      <trkpt lat="48.32182683" lon="16.05080083">
        <time>2026-03-02T21:28:33Z</time>
        <course>160.42</course>
        <speed>1.345</speed>
      </trkpt>
      <trkpt lat="48.32182683" lon="16.05080083">
        <time>2026-03-02T21:28:33Z</time>
        <course>0.00</course>
        <speed>0.000</speed>
      </trkpt>
      <trkpt lat="48.32181533" lon="16.05080767">
        <time>2026-03-02T21:28:34Z</time>
        <course>160.32</course>
        <speed>1.370</speed>
      </trkpt>
      <trkpt lat="48.32181533" lon="16.05080767">
        <time>2026-03-02T21:28:34Z</time>
        <course>0.00</course>
        <speed>0.000</speed>
      </trkpt>
      <trkpt lat="48.32180367" lon="16.05081417">
        <time>2026-03-02T21:28:35Z</time>
        <course>161.29</course>
        <speed>1.410</speed>
      </trkpt>
      <trkpt lat="48.32180367" lon="16.05081417">
        <time>2026-03-02T21:28:35Z</time>
        <course>0.00</course>
        <speed>0.000</speed>
      </trkpt>
      <trkpt lat="48.32179100" lon="16.05081900">
        <time>2026-03-02T21:28:36Z</time>
        <course>167.60</course>
        <speed>1.492</speed>
      </trkpt>
      <trkpt lat="48.32179100" lon="16.05081900">
        <time>2026-03-02T21:28:36Z</time>
        <course>0.00</course>
        <speed>0.000</speed>
      </trkpt>
      <trkpt lat="48.32177883" lon="16.05082300">
        <time>2026-03-02T21:28:37Z</time>
        <course>168.13</course>
        <speed>1.432</speed>
      </trkpt>
      <trkpt lat="48.32177883" lon="16.05082300">
        <time>2026-03-02T21:28:37Z</time>
        <course>0.00</course>
        <speed>0.000</speed>
      </trkpt>
      <trkpt lat="48.32176767" lon="16.05082783">
        <time>2026-03-02T21:28:38Z</time>
        <course>166.62</course>
        <speed>1.280</speed>
      </trkpt>
      <trkpt lat="48.32176767" lon="16.05082783">
        <time>2026-03-02T21:28:38Z</time>
        <course>0.00</course>
        <speed>0.000</speed>
      </trkpt>
      <trkpt lat="48.32176533" lon="16.05083317">
        <time>2026-03-02T21:28:39Z</time>
        <course>0.00</course>
        <speed>0.423</speed>
      </trkpt>
      <trkpt lat="48.32176533" lon="16.05083317">
        <time>2026-03-02T21:28:39Z</time>
        <course>0.00</course>
        <speed>0.000</speed>
      </trkpt>
      <trkpt lat="48.32176017" lon="16.05083583">
        <time>2026-03-02T21:28:40Z</time>
        <course>0.00</course>
        <speed>0.679</speed>
      </trkpt>
      <trkpt lat="48.32176017" lon="16.05083583">
        <time>2026-03-02T21:28:40Z</time>
        <course>0.00</course>
        <speed>0.000</speed>
      </trkpt>
      <trkpt lat="48.32175567" lon="16.05083300">
        <time>2026-03-02T21:28:41Z</time>
        <course>0.00</course>
        <speed>0.615</speed>
      </trkpt>
      <trkpt lat="48.32175567" lon="16.05083300">
        <time>2026-03-02T21:28:41Z</time>
        <course>0.00</course>
        <speed>0.000</speed>
      </trkpt>
      <trkpt lat="48.32175267" lon="16.05082400">
        <time>2026-03-02T21:28:42Z</time>
        <course>0.00</course>
        <speed>0.879</speed>
      </trkpt>
      <trkpt lat="48.32175267" lon="16.05082400">
        <time>2026-03-02T21:28:42Z</time>
        <course>0.00</course>
        <speed>0.000</speed>
      </trkpt>
      <trkpt lat="48.32175550" lon="16.05081633">
        <time>2026-03-02T21:28:43Z</time>
        <course>0.00</course>
        <speed>0.499</speed>
      </trkpt>
      <trkpt lat="48.32175550" lon="16.05081633">
        <time>2026-03-02T21:28:43Z</time>
        <course>0.00</course>
        <speed>0.000</speed>
      </trkpt>
      <trkpt lat="48.32176250" lon="16.05081483">
        <time>2026-03-02T21:28:44Z</time>
        <course>0.00</course>
        <speed>0.722</speed>
      </trkpt>
      <trkpt lat="48.32176250" lon="16.05081483">
        <time>2026-03-02T21:28:44Z</time>
        <course>0.00</course>
        <speed>0.000</speed>
      </trkpt>
      <trkpt lat="48.32175767" lon="16.05082617">
        <time>2026-03-02T21:28:45Z</time>
        <course>0.00</course>
        <speed>1.023</speed>
      </trkpt>
      <trkpt lat="48.32175767" lon="16.05082617">
        <time>2026-03-02T21:28:45Z</time>
        <course>0.00</course>
        <speed>0.000</speed>
      </trkpt>
      <trkpt lat="48.32175867" lon="16.05082517">
        <time>2026-03-02T21:28:46Z</time>
        <course>0.00</course>
        <speed>0.483</speed>
      </trkpt>
      <trkpt lat="48.32175867" lon="16.05082517">
        <time>2026-03-02T21:28:46Z</time>
        <course>0.00</course>
        <speed>0.000</speed>
      </trkpt>
      <trkpt lat="48.32176733" lon="16.05082850">
        <time>2026-03-02T21:28:47Z</time>
        <course>0.00</course>
        <speed>0.931</speed>
      </trkpt>
      <trkpt lat="48.32176733" lon="16.05082850">
        <time>2026-03-02T21:28:47Z</time>
        <course>0.00</course>
        <speed>0.000</speed>
      </trkpt>
      <trkpt lat="48.32177033" lon="16.05083533">
        <time>2026-03-02T21:28:48Z</time>
        <course>0.00</course>
        <speed>1.089</speed>
      </trkpt>
      <trkpt lat="48.32177033" lon="16.05083533">
        <time>2026-03-02T21:28:48Z</time>
        <course>0.00</course>
        <speed>0.000</speed>
      </trkpt>
      <trkpt lat="48.32176867" lon="16.05083800">
        <time>2026-03-02T21:28:49Z</time>
        <course>0.00</course>
        <speed>0.565</speed>
      </trkpt>
      <trkpt lat="48.32176867" lon="16.05083800">
        <time>2026-03-02T21:28:49Z</time>
        <course>0.00</course>
        <speed>0.000</speed>
      </trkpt>
      <trkpt lat="48.32177150" lon="16.05084583">
        <time>2026-03-02T21:28:50Z</time>
        <course>0.00</course>
        <speed>0.519</speed>
      </trkpt>
      <trkpt lat="48.32177150" lon="16.05084583">
        <time>2026-03-02T21:28:50Z</time>
        <course>0.00</course>
        <speed>0.000</speed>
      </trkpt>
      <trkpt lat="48.32177717" lon="16.05085083">
        <time>2026-03-02T21:28:51Z</time>
        <course>0.00</course>
        <speed>0.693</speed>
      </trkpt>
      <trkpt lat="48.32177717" lon="16.05085083">
        <time>2026-03-02T21:28:51Z</time>
        <course>0.00</course>
        <speed>0.000</speed>
      </trkpt>
      <trkpt lat="48.32178017" lon="16.05084783">
        <time>2026-03-02T21:28:52Z</time>
        <course>0.00</course>
        <speed>0.588</speed>
      </trkpt>
      <trkpt lat="48.32178017" lon="16.05084783">
        <time>2026-03-02T21:28:52Z</time>
        <course>0.00</course>
        <speed>0.000</speed>
      </trkpt>
      <trkpt lat="48.32177317" lon="16.05085833">
        <time>2026-03-02T21:28:53Z</time>
        <course>0.00</course>
        <speed>0.919</speed>
      </trkpt>
      <trkpt lat="48.32177317" lon="16.05085833">
        <time>2026-03-02T21:28:53Z</time>
        <course>0.00</course>
        <speed>0.000</speed>
      </trkpt>
      <trkpt lat="48.32178100" lon="16.05086150">
        <time>2026-03-02T21:28:54Z</time>
        <course>0.00</course>
        <speed>0.507</speed>
      </trkpt>
      <trkpt lat="48.32178100" lon="16.05086150">
        <time>2026-03-02T21:28:54Z</time>
        <course>0.00</course>
        <speed>0.000</speed>
      </trkpt>
      <trkpt lat="48.32179467" lon="16.05085100">
        <time>2026-03-02T21:28:55Z</time>
        <course>0.00</course>
        <speed>1.145</speed>
      </trkpt>
      <trkpt lat="48.32179467" lon="16.05085100">
        <time>2026-03-02T21:28:55Z</time>
        <course>0.00</course>
        <speed>0.000</speed>
      </trkpt>
      <trkpt lat="48.32179800" lon="16.05084283">
        <time>2026-03-02T21:28:56Z</time>
        <course>0.00</course>
        <speed>0.827</speed>
      </trkpt>
      <trkpt lat="48.32179800" lon="16.05084283">
        <time>2026-03-02T21:28:56Z</time>
        <course>0.00</course>
        <speed>0.000</speed>
      </trkpt>
      <trkpt lat="48.32178400" lon="16.05084100">
        <time>2026-03-02T21:28:57Z</time>
        <course>0.00</course>
        <speed>0.969</speed>
      </trkpt>
      <trkpt lat="48.32178400" lon="16.05084100">
        <time>2026-03-02T21:28:57Z</time>
        <course>0.00</course>
        <speed>0.000</speed>
      </trkpt>
      <trkpt lat="48.32174933" lon="16.05083850">
        <time>2026-03-02T21:28:58Z</time>
        <course>169.60</course>
        <speed>1.878</speed>
      </trkpt>
      <trkpt lat="48.32174933" lon="16.05083850">
        <time>2026-03-02T21:28:58Z</time>
        <course>0.00</course>
        <speed>0.000</speed>
      </trkpt>
      <trkpt lat="48.32173100" lon="16.05084350">
        <time>2026-03-02T21:28:59Z</time>
        <course>164.11</course>
        <speed>1.657</speed>
      </trkpt>
      <trkpt lat="48.32173100" lon="16.05084350">
        <time>2026-03-02T21:28:59Z</time>
        <course>0.00</course>
        <speed>0.000</speed>
      </trkpt>
      <trkpt lat="48.32171867" lon="16.05084783">
        <time>2026-03-02T21:29:00Z</time>
        <course>157.45</course>
        <speed>1.564</speed>
      </trkpt>
      <trkpt lat="48.32171867" lon="16.05084783">
        <time>2026-03-02T21:29:00Z</time>
        <course>0.00</course>
        <speed>0.000</speed>
      </trkpt>
      <trkpt lat="48.32170867" lon="16.05085850">
        <time>2026-03-02T21:29:01Z</time>
        <course>154.04</course>
        <speed>1.214</speed>
      </trkpt>
      <trkpt lat="48.32170867" lon="16.05085850">
        <time>2026-03-02T21:29:01Z</time>
        <course>0.00</course>
        <speed>0.000</speed>
      </trkpt>
      <trkpt lat="48.32169267" lon="16.05086850">
        <time>2026-03-02T21:29:02Z</time>
        <course>159.56</course>
        <speed>1.499</speed>
      </trkpt>
      <trkpt lat="48.32169267" lon="16.05086850">
        <time>2026-03-02T21:29:02Z</time>
        <course>0.00</course>
        <speed>0.000</speed>
      </trkpt>
      <trkpt lat="48.32168317" lon="16.05088117">
        <time>2026-03-02T21:29:03Z</time>
        <course>161.32</course>
        <speed>1.266</speed>
      </trkpt>
      <trkpt lat="48.32168317" lon="16.05088117">
        <time>2026-03-02T21:29:03Z</time>
        <course>0.00</course>
        <speed>0.000</speed>
      </trkpt>
      <trkpt lat="48.32167450" lon="16.05088800">
        <time>2026-03-02T21:29:04Z</time>
        <course>167.39</course>
        <speed>1.288</speed>
      </trkpt>
      <trkpt lat="48.32167450" lon="16.05088800">
        <time>2026-03-02T21:29:04Z</time>
        <course>0.00</course>
        <speed>0.000</speed>
      </trkpt>
      <trkpt lat="48.32166300" lon="16.05089117">
        <time>2026-03-02T21:29:05Z</time>
        <course>167.87</course>
        <speed>1.391</speed>
      </trkpt>
      <trkpt lat="48.32166300" lon="16.05089117">
        <time>2026-03-02T21:29:05Z</time>
        <course>0.00</course>
        <speed>0.000</speed>
      </trkpt>
      <trkpt lat="48.32164950" lon="16.05089433">
        <time>2026-03-02T21:29:06Z</time>
        <course>169.39</course>
        <speed>1.422</speed>
      </trkpt>
      <trkpt lat="48.32164950" lon="16.05089433">
        <time>2026-03-02T21:29:06Z</time>
        <course>0.00</course>
        <speed>0.000</speed>
      </trkpt>
      <trkpt lat="48.32163667" lon="16.05089817">
        <time>2026-03-02T21:29:07Z</time>
        <course>173.19</course>
        <speed>1.348</speed>
      </trkpt>
      <trkpt lat="48.32163667" lon="16.05089817">
        <time>2026-03-02T21:29:07Z</time>
        <course>0.00</course>
        <speed>0.000</speed>
      </trkpt>
      <trkpt lat="48.32162600" lon="16.05089733">
        <time>2026-03-02T21:29:08Z</time>
        <course>173.83</course>
        <speed>1.368</speed>
      </trkpt>
      <trkpt lat="48.32162600" lon="16.05089733">
        <time>2026-03-02T21:29:08Z</time>
        <course>0.00</course>
        <speed>0.000</speed>
      </trkpt>
      <trkpt lat="48.32161500" lon="16.05089733">
        <time>2026-03-02T21:29:09Z</time>
        <course>172.32</course>
        <speed>1.381</speed>
      </trkpt>
      <trkpt lat="48.32161500" lon="16.05089733">
        <time>2026-03-02T21:29:09Z</time>
        <course>0.00</course>
        <speed>0.000</speed>
      </trkpt>
      <trkpt lat="48.32160433" lon="16.05089833">
        <time>2026-03-02T21:29:10Z</time>
        <course>169.76</course>
        <speed>1.419</speed>
      </trkpt>
      <trkpt lat="48.32160433" lon="16.05089833">
        <time>2026-03-02T21:29:10Z</time>
        <course>0.00</course>
        <speed>0.000</speed>
      </trkpt>
      <trkpt lat="48.32159367" lon="16.05090083">
        <time>2026-03-02T21:29:11Z</time>
        <course>167.23</course>
        <speed>1.494</speed>
      </trkpt>
      <trkpt lat="48.32159367" lon="16.05090083">
        <time>2026-03-02T21:29:11Z</time>
        <course>0.00</course>
        <speed>0.000</speed>
      </trkpt>
      <trkpt lat="48.32158533" lon="16.05090467">
        <time>2026-03-02T21:29:12Z</time>
        <course>164.64</course>
        <speed>1.218</speed>
      </trkpt>
      <trkpt lat="48.32158533" lon="16.05090467">
        <time>2026-03-02T21:29:12Z</time>
        <course>0.00</course>
        <speed>0.000</speed>
      </trkpt>
      <trkpt lat="48.32157167" lon="16.05092150">
        <time>2026-03-02T21:29:13Z</time>
        <course>165.85</course>
        <speed>1.271</speed>
      </trkpt>
      <trkpt lat="48.32157167" lon="16.05092150">
        <time>2026-03-02T21:29:13Z</time>
        <course>0.00</course>
        <speed>0.000</speed>
      </trkpt>
      <trkpt lat="48.32156067" lon="16.05092400">
        <time>2026-03-02T21:29:14Z</time>
        <course>166.03</course>
        <speed>1.269</speed>
      </trkpt>
      <trkpt lat="48.32156067" lon="16.05092400">
        <time>2026-03-02T21:29:14Z</time>
        <course>0.00</course>
        <speed>0.000</speed>
      </trkpt>
      <trkpt lat="48.32155050" lon="16.05093383">
        <time>2026-03-02T21:29:15Z</time>
        <course>158.50</course>
        <speed>1.395</speed>
      </trkpt>
      <trkpt lat="48.32155050" lon="16.05093383">
        <time>2026-03-02T21:29:15Z</time>
        <course>0.00</course>
        <speed>0.000</speed>
      </trkpt>
      <trkpt lat="48.32153733" lon="16.05093517">
        <time>2026-03-02T21:29:16Z</time>
        <course>160.70</course>
        <speed>1.686</speed>
      </trkpt>
      <trkpt lat="48.32153733" lon="16.05093517">
        <time>2026-03-02T21:29:16Z</time>
        <course>0.00</course>
        <speed>0.000</speed>
      </trkpt>
      <trkpt lat="48.32152850" lon="16.05094233">
        <time>2026-03-02T21:29:17Z</time>
        <course>150.25</course>
        <speed>1.483</speed>
      </trkpt>
      <trkpt lat="48.32152850" lon="16.05094233">
        <time>2026-03-02T21:29:17Z</time>
        <course>0.00</course>
        <speed>0.000</speed>
      </trkpt>
      <trkpt lat="48.32152050" lon="16.05095350">
        <time>2026-03-02T21:29:18Z</time>
        <course>146.51</course>
        <speed>1.482</speed>
      </trkpt>
      <trkpt lat="48.32152050" lon="16.05095350">
        <time>2026-03-02T21:29:18Z</time>
        <course>0.00</course>
        <speed>0.000</speed>
      </trkpt>
      <trkpt lat="48.32151267" lon="16.05095417">
        <time>2026-03-02T21:29:19Z</time>
        <course>157.99</course>
        <speed>1.349</speed>
      </trkpt>
      <trkpt lat="48.32151267" lon="16.05095417">
        <time>2026-03-02T21:29:19Z</time>
        <course>0.00</course>
        <speed>0.000</speed>
      </trkpt>
      <trkpt lat="48.32150283" lon="16.05095300">
        <time>2026-03-02T21:29:20Z</time>
        <course>164.04</course>
        <speed>1.363</speed>
      </trkpt>
      <trkpt lat="48.32150283" lon="16.05095300">
        <time>2026-03-02T21:29:20Z</time>
        <course>0.00</course>
        <speed>0.000</speed>
      </trkpt>
      <trkpt lat="48.32149217" lon="16.05095100">
        <time>2026-03-02T21:29:21Z</time>
        <course>167.47</course>
        <speed>1.204</speed>
      </trkpt>
      <trkpt lat="48.32149217" lon="16.05095100">
        <time>2026-03-02T21:29:21Z</time>
        <course>0.00</course>
        <speed>0.000</speed>
      </trkpt>
      <trkpt lat="48.32148150" lon="16.05095650">
        <time>2026-03-02T21:29:22Z</time>
        <course>165.54</course>
        <speed>1.295</speed>
      </trkpt>
      <trkpt lat="48.32148150" lon="16.05095650">
        <time>2026-03-02T21:29:22Z</time>
        <course>0.00</course>
        <speed>0.000</speed>
      </trkpt>
      <trkpt lat="48.32147183" lon="16.05096300">
        <time>2026-03-02T21:29:23Z</time>
        <course>162.98</course>
        <speed>1.187</speed>
      </trkpt>
      <trkpt lat="48.32147183" lon="16.05096300">
        <time>2026-03-02T21:29:23Z</time>
        <course>0.00</course>
        <speed>0.000</speed>
      </trkpt>
      <trkpt lat="48.32146117" lon="16.05096700">
        <time>2026-03-02T21:29:24Z</time>
        <course>0.00</course>
        <speed>1.223</speed>
      </trkpt>
      <trkpt lat="48.32146117" lon="16.05096700">
        <time>2026-03-02T21:29:24Z</time>
        <course>0.00</course>
        <speed>0.000</speed>
      </trkpt>
      <trkpt lat="48.32145133" lon="16.05097217">
        <time>2026-03-02T21:29:25Z</time>
        <course>170.06</course>
        <speed>1.287</speed>
      </trkpt>
      <trkpt lat="48.32145133" lon="16.05097217">
        <time>2026-03-02T21:29:25Z</time>
        <course>0.00</course>
        <speed>0.000</speed>
      </trkpt>
      <trkpt lat="48.32144033" lon="16.05098000">
        <time>2026-03-02T21:29:26Z</time>
        <course>169.13</course>
        <speed>1.225</speed>
      </trkpt>
      <trkpt lat="48.32144033" lon="16.05098000">
        <time>2026-03-02T21:29:26Z</time>
        <course>0.00</course>
        <speed>0.000</speed>
      </trkpt>
      <trkpt lat="48.32142917" lon="16.05098317">
        <time>2026-03-02T21:29:27Z</time>
        <course>169.12</course>
        <speed>1.317</speed>
      </trkpt>
      <trkpt lat="48.32142917" lon="16.05098317">
        <time>2026-03-02T21:29:27Z</time>
        <course>0.00</course>
        <speed>0.000</speed>
      </trkpt>
      <trkpt lat="48.32141867" lon="16.05098500">
        <time>2026-03-02T21:29:28Z</time>
        <course>167.29</course>
        <speed>1.121</speed>
      </trkpt>
      <trkpt lat="48.32141867" lon="16.05098500">
        <time>2026-03-02T21:29:28Z</time>
        <course>0.00</course>
        <speed>0.000</speed>
      </trkpt>
      <trkpt lat="48.32140733" lon="16.05098767">
        <time>2026-03-02T21:29:29Z</time>
        <course>169.49</course>
        <speed>1.244</speed>
      </trkpt>
      <trkpt lat="48.32140733" lon="16.05098767">
        <time>2026-03-02T21:29:29Z</time>
        <course>0.00</course>
        <speed>0.000</speed>
      </trkpt>
      <trkpt lat="48.32139400" lon="16.05098450">
        <time>2026-03-02T21:29:30Z</time>
        <course>177.44</course>
        <speed>1.329</speed>
      </trkpt>
      <trkpt lat="48.32139400" lon="16.05098450">
        <time>2026-03-02T21:29:30Z</time>
        <course>0.00</course>
        <speed>0.000</speed>
      </trkpt>
      <trkpt lat="48.32138267" lon="16.05098350">
        <time>2026-03-02T21:29:31Z</time>
        <course>174.27</course>
        <speed>1.316</speed>
      </trkpt>
      <trkpt lat="48.32138267" lon="16.05098350">
        <time>2026-03-02T21:29:31Z</time>
        <course>0.00</course>
        <speed>0.000</speed>
      </trkpt>
      <trkpt lat="48.32137217" lon="16.05098583">
        <time>2026-03-02T21:29:32Z</time>
        <course>174.39</course>
        <speed>1.139</speed>
      </trkpt>
      <trkpt lat="48.32137217" lon="16.05098583">
        <time>2026-03-02T21:29:32Z</time>
        <course>0.00</course>
        <speed>0.000</speed>
      </trkpt>
      <trkpt lat="48.32136100" lon="16.05099300">
        <time>2026-03-02T21:29:33Z</time>
        <course>170.26</course>
        <speed>1.148</speed>
      </trkpt>
      <trkpt lat="48.32136100" lon="16.05099300">
        <time>2026-03-02T21:29:33Z</time>
        <course>0.00</course>
        <speed>0.000</speed>
      </trkpt>
    </trkseg>
  </trk>
</gpx>
